problem_id,problem_key,category,flow,error_class,affected_apps,affected_namespaces,deployment_labels,app_versions,fingerprint_count,occurrences,first_seen,last_seen,age_days,last_seen_days_ago,scope,status,jira,notes
KP-000045,UNKNOWN:design_lifecycle:unclassified,unknown,design_lifecycle,unclassified,"bff-pcb-ch-design-servicing-v1, bl-pcb-design-lifecycle-v1, bl-pcb-v1, feapi-pca-v1","pca-dev-01-app, pcb-ch-dev-01-app, pcb-dev-01-app, pcb-sit-01-app, pcb-uat-01-app",bl-pcb-design-lifecycle-v1,,118,133,2026-01-15 14:33,2026-02-08 23:46,24,0,SYSTEMIC,OPEN,,
KP-000010,UNKNOWN:click2pay:unclassified,unknown,click2pay,unclassified,"bff-pcb-ch-click2pay-v1, bl-pcb-billing-v1, bl-pcb-card-client-segment-v1, bl-pcb-card-georisk-v1, bl-pcb-card-read-model-v1, bl-pcb-click2pay-v1, bl-pcb-client-rainbow-status-v1, bl-pcb-codelist-v1, bl-pcb-design-lifecycle-v1, bl-pcb-design-v1","pca-dev-01-app, pcb-ch-dev-01-app, pcb-ch-sit-01-app, pcb-dev-01-app, pcb-fat-01-app, pcb-sit-01-app, pcb-uat-01-app","bff-pcb-ch-click2pay-v1, bl-pcb-click2pay-v1",,500,691,2026-01-13 19:54,2026-02-08 23:44,26,0,SYSTEMIC,OPEN,,
KP-000015,UNKNOWN:unknown:unclassified,unknown,unknown,unclassified,"bl-pcb-v1, feapi-pca-v1","pca-dev-01-app, pca-fat-01-app, pca-sit-01-app, pca-uat-01-app, pcb-ch-sit-01-app, pcb-dev-01-app, pcb-fat-01-app, pcb-sit-01-app, pcb-uat-01-app","bl-pcb-v1, feapi-pca-v1",,500,504255,2026-01-14 10:01,2026-02-08 23:38,26,0,SYSTEMIC,OPEN,,
KP-000052,BUSINESS:unknown:business_exception,business,unknown,business_exception,"bl-pcb-v1, feapi-pca-v1","pca-dev-01-app, pca-sit-01-app, pca-uat-01-app, pcb-dev-01-app, pcb-fat-01-app, pcb-sit-01-app, pcb-uat-01-app","bl-pcb-v1, feapi-pca-v1",,294,1,2026-01-13 19:38,2026-02-08 23:37,26,0,SYSTEMIC,OPEN,,
KP-000053,BUSINESS:card_servicing:business_exception,business,card_servicing,business_exception,"bff-pcb-ch-card-opening-v2, bff-pcb-ch-card-sensitive-data-v1, bff-pcb-ch-card-servicing-admin-v1, bff-pcb-ch-card-servicing-init-v1, bff-pcb-ch-card-servicing-notice-v1, bff-pcb-ch-card-servicing-v1, bff-pcb-ch-card-servicing-v2, bff-pcb-ch-card-servicing-v3, bff-pcb-ch-click2pay-v1, bl-pcb-atm-locator-v1","pca-dev-01-app, pca-sit-01-app, pca-uat-01-app, pcb-ch-dev-01-app, pcb-ch-sit-01-app, pcb-dev-01-app, pcb-fat-01-app, pcb-sit-01-app, pcb-uat-01-app","bff-pcb-ch-card-opening-v2, bff-pcb-ch-card-sensitive-data-v1, bff-pcb-ch-card-servicing-admin-v1, bff-pcb-ch-card-servicing-init-v1, bff-pcb-ch-card-servicing-notice-v1, bff-pcb-ch-card-servicing-v1, bff-pcb-ch-card-servicing-v2, bff-pcb-ch-card-servicing-v3, bff-pcb-ch-click2pay-v1, bl-pcb-atm-locator-v1",,4,1,2026-01-26 00:05,2026-02-08 23:37,14,0,SYSTEMIC,OPEN,,
KP-000056,BUSINESS:unknown:not_found,business,unknown,not_found,"bl-pcb-v1, feapi-pca-v1","pca-dev-01-app, pca-sit-01-app, pcb-dev-01-app, pcb-fat-01-app, pcb-sit-01-app, pcb-uat-01-app","bl-pcb-v1, feapi-pca-v1",,500,30,2026-01-15 04:54,2026-02-08 23:37,25,0,SYSTEMIC,OPEN,,
KP-000118,BUSINESS:event_processing:not_found,business,event_processing,not_found,bl-pcb-event-processor-relay-v1,"pcb-dev-01-app, pcb-fat-01-app, pcb-sit-01-app, pcb-uat-01-app",bl-pcb-event-processor-relay-v1,,500,0,2026-01-15 14:33,2026-02-08 23:36,24,0,SYSTEMIC,OPEN,,
KP-000003,UNKNOWN:card_opening:unclassified,unknown,card_opening,unclassified,"bff-pcb-ch-card-opening-v2, bff-pcb-ch-card-sensitive-data-v1, bff-pcb-ch-card-validation-v1, bff-pcb-ch-click2pay-v1, bl-pcb-atm-locator-v1, bl-pcb-batch-processor-v1, bl-pcb-billing-v1, bl-pcb-card-client-segment-v1, bl-pcb-card-georisk-v1, bl-pcb-card-read-model-v1","pca-dev-01-app, pca-sit-01-app, pcb-ch-dev-01-app, pcb-ch-fat-01-app, pcb-ch-sit-01-app, pcb-ch-uat-01-app, pcb-dev-01-app, pcb-fat-01-app, pcb-sit-01-app, pcb-uat-01-app","bff-pcb-ch-card-opening-v2, bl-pcb-card-client-segment-v1, bl-pcb-card-read-model-v1, bl-pcb-document-signing-v1, bl-pcb-event-processor-relay-v1, bl-pcb-v1",,500,53120,2026-01-13 19:30,2026-02-08 23:35,26,0,SYSTEMIC,OPEN,,
KP-000001,UNKNOWN:card_servicing:unclassified,unknown,card_servicing,unclassified,"bff-pcb-ch-card-opening-v2, bff-pcb-ch-card-sensitive-data-v1, bff-pcb-ch-card-servicing-admin-v1, bff-pcb-ch-card-servicing-init-v1, bff-pcb-ch-card-servicing-notice-v1, bff-pcb-ch-card-servicing-v1, bff-pcb-ch-card-servicing-v2, bff-pcb-ch-card-servicing-v3, bff-pcb-ch-card-validation-v1, bff-pcb-ch-click2pay-v1","pca-dev-01-app, pca-sit-01-app, pcb-ch-dev-01-app, pcb-ch-sit-01-app, pcb-ch-uat-01-app, pcb-dev-01-app, pcb-fat-01-app, pcb-sit-01-app, pcb-uat-01-app","bff-pcb-ch-card-opening-v2, bff-pcb-ch-card-sensitive-data-v1, bff-pcb-ch-card-servicing-admin-v1, bff-pcb-ch-card-servicing-init-v1, bff-pcb-ch-card-servicing-notice-v1, bff-pcb-ch-card-servicing-v1, bff-pcb-ch-card-servicing-v2, bff-pcb-ch-card-servicing-v3, bff-pcb-ch-card-validation-v1, bff-pcb-ch-click2pay-v1",,500,89298,2026-01-13 09:00,2026-02-08 23:30,27,0,SYSTEMIC,OPEN,,
KP-000065,UNKNOWN:card_servicing:constraint_violation,unknown,card_servicing,constraint_violation,"bff-pcb-ch-card-opening-v2, bff-pcb-ch-card-servicing-admin-v1, bff-pcb-ch-card-servicing-init-v1, bff-pcb-ch-card-servicing-v1, bff-pcb-ch-card-servicing-v3, bff-pcb-ch-card-validation-v1, bff-pcb-ch-click2pay-v1, bff-pcb-ch-document-signing-v1, bl-pcb-card-client-segment-v1, bl-pcb-card-georisk-v1","pcb-ch-dev-01-app, pcb-ch-sit-01-app, pcb-dev-01-app, pcb-sit-01-app","bff-pcb-ch-card-opening-v2, bff-pcb-ch-card-servicing-admin-v1, bff-pcb-ch-card-servicing-init-v1, bff-pcb-ch-card-servicing-v1, bff-pcb-ch-card-servicing-v3, bff-pcb-ch-card-validation-v1, bff-pcb-ch-click2pay-v1, bff-pcb-ch-document-signing-v1, bl-pcb-card-client-segment-v1, bl-pcb-card-georisk-v1",,73,4,2026-01-19 13:19,2026-02-08 23:30,20,0,SYSTEMIC,OPEN,,
KP-000058,AUTH:card_servicing:forbidden,auth,card_servicing,forbidden,"bff-pcb-ch-card-servicing-admin-v1, bff-pcb-ch-card-servicing-init-v1, bff-pcb-ch-card-servicing-notice-v1, bff-pcb-ch-card-servicing-v1, bff-pcb-ch-card-servicing-v2, bff-pcb-ch-card-servicing-v3","pcb-ch-dev-01-app, pcb-ch-sit-01-app","bff-pcb-ch-card-servicing-admin-v1, bff-pcb-ch-card-servicing-init-v1, bff-pcb-ch-card-servicing-notice-v1, bff-pcb-ch-card-servicing-v1, bff-pcb-ch-card-servicing-v2, bff-pcb-ch-card-servicing-v3",,177,0,2026-01-13 09:05,2026-02-08 23:30,27,0,CROSS_NS,OPEN,,
KP-000004,AUTH:card_servicing:unclassified,auth,card_servicing,unclassified,"bff-pcb-ch-card-opening-v2, bff-pcb-ch-card-sensitive-data-v1, bff-pcb-ch-card-servicing-admin-v1, bff-pcb-ch-card-servicing-init-v1, bff-pcb-ch-card-servicing-notice-v1, bff-pcb-ch-card-servicing-v1, bff-pcb-ch-card-servicing-v2, bff-pcb-ch-card-servicing-v3, bff-pcb-ch-card-validation-v1, bff-pcb-ch-click2pay-v1","pca-dev-01-app, pca-sit-01-app, pcb-ch-dev-01-app, pcb-ch-sit-01-app, pcb-dev-01-app, pcb-fat-01-app, pcb-sit-01-app, pcb-uat-01-app","bff-pcb-ch-card-opening-v2, bff-pcb-ch-card-sensitive-data-v1, bff-pcb-ch-card-servicing-admin-v1, bff-pcb-ch-card-servicing-init-v1, bff-pcb-ch-card-servicing-notice-v1, bff-pcb-ch-card-servicing-v1, bff-pcb-ch-card-servicing-v2, bff-pcb-ch-card-servicing-v3, bff-pcb-ch-card-validation-v1, bff-pcb-ch-click2pay-v1",,112,411,2026-01-14 06:01,2026-02-08 23:30,26,0,SYSTEMIC,OPEN,,
KP-000057,UNKNOWN:card_servicing:access_denied,unknown,card_servicing,access_denied,"bff-pcb-ch-card-opening-v2, bff-pcb-ch-card-sensitive-data-v1, bff-pcb-ch-card-servicing-admin-v1, bff-pcb-ch-card-servicing-init-v1, bff-pcb-ch-card-servicing-notice-v1, bff-pcb-ch-card-servicing-v1, bff-pcb-ch-card-servicing-v2, bff-pcb-ch-card-servicing-v3, bff-pcb-ch-card-validation-v1, bff-pcb-ch-click2pay-v1","pca-dev-01-app, pca-sit-01-app, pcb-ch-dev-01-app, pcb-ch-sit-01-app, pcb-dev-01-app, pcb-sit-01-app","bff-pcb-ch-card-opening-v2, bff-pcb-ch-card-sensitive-data-v1, bff-pcb-ch-card-servicing-admin-v1, bff-pcb-ch-card-servicing-init-v1, bff-pcb-ch-card-servicing-notice-v1, bff-pcb-ch-card-servicing-v1, bff-pcb-ch-card-servicing-v2, bff-pcb-ch-card-servicing-v3, bff-pcb-ch-card-validation-v1, bff-pcb-ch-click2pay-v1",,14,22,2026-01-21 10:56,2026-02-08 23:30,19,0,SYSTEMIC,OPEN,,
KP-000068,UNKNOWN:card_servicing:json_parse_exception,unknown,card_servicing,json_parse_exception,"bff-pcb-ch-card-opening-v2, bff-pcb-ch-card-servicing-admin-v1, bff-pcb-ch-card-servicing-v1, bl-pcb-notification-v1","pcb-ch-dev-01-app, pcb-ch-sit-01-app, pcb-dev-01-app, pcb-sit-01-app","bff-pcb-ch-card-opening-v2, bff-pcb-ch-card-servicing-admin-v1, bff-pcb-ch-card-servicing-v1, bl-pcb-notification-v1",,8,12,2026-01-26 00:25,2026-02-08 23:30,14,0,SYSTEMIC,OPEN,,
KP-000041,UNKNOWN:client_status:unclassified,unknown,client_status,unclassified,"bl-pcb-client-rainbow-status-v1, bl-pcb-v1","pcb-ch-sit-01-app, pcb-dev-01-app, pcb-fat-01-app, pcb-sit-01-app, pcb-uat-01-app",bl-pcb-client-rainbow-status-v1,,500,4420,2026-01-16 07:35,2026-02-08 23:30,24,0,SYSTEMIC,OPEN,,
KP-000119,UNKNOWN:atm_locator:unclassified,unknown,atm_locator,unclassified,"bl-pcb-atm-locator-v1, bl-pcb-v1","pcb-dev-01-app, pcb-sit-01-app","bl-pcb-atm-locator-v1, bl-pcb-v1",,4,0,2026-01-26 00:16,2026-02-08 23:21,14,0,CROSS_NS,OPEN,,
KP-000120,UNKNOWN:georisk:unclassified,unknown,georisk,unclassified,bl-pcb-card-georisk-v1,"pcb-dev-01-app, pcb-sit-01-app",bl-pcb-card-georisk-v1,,28,0,2026-01-15 20:19,2026-02-08 23:20,24,0,CROSS_NS,OPEN,,
KP-000024,UNKNOWN:document_signing:unclassified,unknown,document_signing,unclassified,"bff-pcb-ch-card-sensitive-data-v1, bff-pcb-ch-design-servicing-v1, bff-pcb-ch-document-signing-v1, bl-pcb-atm-locator-v1, bl-pcb-card-client-segment-v1, bl-pcb-card-georisk-v1, bl-pcb-client-rainbow-status-v1, bl-pcb-design-lifecycle-v1, bl-pcb-document-signing-v1, bl-pcb-notification-v1","pca-dev-01-app, pca-sit-01-app, pcb-ch-dev-01-app, pcb-ch-sit-01-app, pcb-dev-01-app, pcb-fat-01-app, pcb-sit-01-app, pcb-uat-01-app","bff-pcb-ch-design-servicing-v1, bff-pcb-ch-document-signing-v1, bl-pcb-atm-locator-v1, bl-pcb-card-georisk-v1, bl-pcb-client-rainbow-status-v1, bl-pcb-design-lifecycle-v1, bl-pcb-document-signing-v1, bl-pcb-v1, feapi-pca-v1",,500,127,2026-01-15 19:30,2026-02-08 23:17,24,0,SYSTEMIC,OPEN,,
KP-000012,UNKNOWN:billing:unclassified,unknown,billing,unclassified,"bff-pcb-ch-card-sensitive-data-v1, bl-pcb-atm-locator-v1, bl-pcb-batch-processor-v1, bl-pcb-billing-v1, bl-pcb-card-client-segment-v1, bl-pcb-card-georisk-v1, bl-pcb-client-rainbow-status-v1, bl-pcb-codelist-v1, bl-pcb-design-lifecycle-v1, bl-pcb-design-v1","pca-dev-01-app, pca-sit-01-app, pcb-ch-dev-01-app, pcb-ch-sit-01-app, pcb-dev-01-app, pcb-fat-01-app, pcb-sit-01-app, pcb-uat-01-app",bl-pcb-billing-v1,,500,3360,2026-01-16 00:10,2026-02-08 23:07,24,0,SYSTEMIC,OPEN,,
KP-000055,EXTERNAL:unknown:gateway_error,external,unknown,gateway_error,"bl-pcb-v1, feapi-pca-v1","pca-dev-01-app, pca-sit-01-app, pcb-dev-01-app, pcb-sit-01-app, pcb-uat-01-app","bl-pcb-v1, feapi-pca-v1",,500,33,2026-01-14 16:38,2026-02-08 23:07,25,0,SYSTEMIC,OPEN,,
KP-000054,TIMEOUT:unknown:timeout,timeout,unknown,timeout,"bl-pcb-v1, feapi-pca-v1","pca-dev-01-app, pcb-sit-01-app","bl-pcb-v1, feapi-pca-v1",,7,0,2026-01-15 00:15,2026-02-08 23:07,25,0,CROSS_NS,OPEN,,
KP-000064,AUTH:card_servicing:server_error,auth,card_servicing,server_error,"bff-pcb-ch-card-opening-v2, bff-pcb-ch-card-sensitive-data-v1, bff-pcb-ch-card-servicing-admin-v1, bff-pcb-ch-card-servicing-init-v1, bff-pcb-ch-card-servicing-notice-v1, bff-pcb-ch-card-servicing-v1, bff-pcb-ch-card-servicing-v2, bff-pcb-ch-card-servicing-v3, bff-pcb-ch-card-validation-v1, bff-pcb-ch-click2pay-v1","pcb-ch-dev-01-app, pcb-ch-sit-01-app","bff-pcb-ch-card-opening-v2, bff-pcb-ch-card-sensitive-data-v1, bff-pcb-ch-card-servicing-admin-v1, bff-pcb-ch-card-servicing-init-v1, bff-pcb-ch-card-servicing-notice-v1, bff-pcb-ch-card-servicing-v1, bff-pcb-ch-card-servicing-v2, bff-pcb-ch-card-servicing-v3, bff-pcb-ch-card-validation-v1, bff-pcb-ch-click2pay-v1",,1,0,2026-01-26 04:25,2026-02-08 22:25,14,0,SYSTEMIC,OPEN,,
KP-000121,UNKNOWN:unknown:constraint_violation,unknown,unknown,constraint_violation,bl-pcb-v1,"pcb-dev-01-app, pcb-sit-01-app",bl-pcb-v1,,236,0,2026-01-14 21:22,2026-02-08 22:05,25,0,CROSS_NS,OPEN,,
KP-000097,UNKNOWN:click2pay:constraint_violation,unknown,click2pay,constraint_violation,"bff-pcb-ch-click2pay-v1, bl-pcb-click2pay-v1","pcb-ch-dev-01-app, pcb-ch-sit-01-app, pcb-dev-01-app, pcb-sit-01-app","bff-pcb-ch-click2pay-v1, bl-pcb-click2pay-v1",,32,0,2026-01-21 09:30,2026-02-08 21:51,19,0,SYSTEMIC,OPEN,,
KP-000099,AUTH:click2pay:forbidden,auth,click2pay,forbidden,bff-pcb-ch-click2pay-v1,"pcb-ch-dev-01-app, pcb-ch-sit-01-app",bff-pcb-ch-click2pay-v1,,9,0,2026-01-26 06:01,2026-02-08 21:51,14,0,CROSS_NS,OPEN,,
KP-000094,UNKNOWN:card_validation:access_denied,unknown,card_validation,access_denied,"bff-pcb-ch-card-validation-v1, bff-pcb-ch-click2pay-v1","pcb-ch-dev-01-app, pcb-ch-sit-01-app","bff-pcb-ch-card-validation-v1, bff-pcb-ch-click2pay-v1",,4,0,2026-01-26 06:01,2026-02-08 21:51,14,0,CROSS_NS,OPEN,,
KP-000016,BUSINESS:document_signing:unclassified,business,document_signing,unclassified,"bl-pcb-batch-processor-v1, bl-pcb-document-signing-v1","pcb-dev-01-app, pcb-sit-01-app",bl-pcb-document-signing-v1,,2,6,2026-01-23 15:55,2026-02-08 21:51,16,0,CROSS_NS,OPEN,,
KP-000098,UNKNOWN:click2pay:invalid_format_exception,unknown,click2pay,invalid_format_exception,bff-pcb-ch-click2pay-v1,"pcb-ch-dev-01-app, pcb-ch-sit-01-app",bff-pcb-ch-click2pay-v1,,4,0,2026-01-23 19:53,2026-02-08 21:51,16,0,CROSS_NS,OPEN,,
KP-000090,UNKNOWN:card_servicing:invalid_format_exception,unknown,card_servicing,invalid_format_exception,"bff-pcb-ch-card-servicing-admin-v1, bff-pcb-ch-click2pay-v1, bl-pcb-card-client-segment-v1","pcb-ch-dev-01-app, pcb-ch-sit-01-app, pcb-dev-01-app, pcb-sit-01-app","bff-pcb-ch-card-servicing-admin-v1, bff-pcb-ch-click2pay-v1, bl-pcb-card-client-segment-v1",,16,0,2026-01-21 19:36,2026-02-08 21:51,18,0,SYSTEMIC,OPEN,,
KP-000096,BUSINESS:click2pay:not_found,business,click2pay,not_found,"bff-pcb-ch-click2pay-v1, bl-pcb-click2pay-v1, bl-pcb-design-v1, bl-pcb-notification-v1, bl-pcb-v1, feapi-pca-v1","pca-sit-01-app, pcb-ch-dev-01-app, pcb-ch-sit-01-app, pcb-dev-01-app, pcb-sit-01-app","bff-pcb-ch-click2pay-v1, bl-pcb-click2pay-v1, bl-pcb-design-v1, bl-pcb-notification-v1, bl-pcb-v1, feapi-pca-v1",,18,0,2026-01-23 18:27,2026-02-08 21:51,16,0,SYSTEMIC,OPEN,,
KP-000138,BUSINESS:click2pay:business_exception,business,click2pay,business_exception,bl-pcb-click2pay-v1,"pcb-dev-01-app, pcb-sit-01-app",bl-pcb-click2pay-v1,,14,0,2026-01-20 20:25,2026-02-08 21:51,19,0,CROSS_NS,OPEN,,
KP-000017,UNKNOWN:batch_processing:unclassified,unknown,batch_processing,unclassified,"bff-pcb-ch-design-servicing-v1, bl-pcb-batch-processor-v1, bl-pcb-card-client-segment-v1, bl-pcb-card-georisk-v1, bl-pcb-client-rainbow-status-v1, bl-pcb-design-lifecycle-v1, bl-pcb-design-v1, bl-pcb-dispute-v1, bl-pcb-event-processor-relay-v1, bl-pcb-v1","pca-dev-01-app, pca-sit-01-app, pcb-dev-01-app, pcb-fat-01-app, pcb-sit-01-app, pcb-uat-01-app",bl-pcb-batch-processor-v1,,500,150201,2026-01-14 17:00,2026-02-08 21:50,25,0,SYSTEMIC,OPEN,,
KP-000095,AUTH:card_validation:forbidden,auth,card_validation,forbidden,bff-pcb-ch-card-validation-v1,"pcb-ch-dev-01-app, pcb-ch-sit-01-app",bff-pcb-ch-card-validation-v1,,1,0,2026-01-26 06:01,2026-02-08 21:47,14,0,CROSS_NS,OPEN,,
KP-000073,TIMEOUT:card_servicing:timeout,timeout,card_servicing,timeout,"bff-pcb-ch-card-servicing-admin-v1, bff-pcb-ch-card-servicing-init-v1, bff-pcb-ch-card-servicing-notice-v1","pcb-ch-dev-01-app, pcb-ch-sit-01-app","bff-pcb-ch-card-servicing-admin-v1, bff-pcb-ch-card-servicing-init-v1, bff-pcb-ch-card-servicing-notice-v1",,3,0,2026-01-21 05:08,2026-02-08 21:37,19,0,CROSS_NS,OPEN,,
KP-000146,AUTH:unknown:not_found,auth,unknown,not_found,bl-pcb-v1,"pcb-dev-01-app, pcb-fat-01-app, pcb-sit-01-app, pcb-uat-01-app",bl-pcb-v1,,53,0,2026-01-15 19:36,2026-02-08 21:36,24,0,SYSTEMIC,OPEN,,
KP-000161,AUTH:unknown:forbidden,auth,unknown,forbidden,"bl-pcb-v1, feapi-pca-v1","pca-dev-01-app, pcb-dev-01-app, pcb-sit-01-app, pcb-uat-01-app","bl-pcb-v1, feapi-pca-v1",,500,48,2026-01-15 04:54,2026-02-08 21:36,25,0,SYSTEMIC,OPEN,,
KP-000169,UNKNOWN:unknown:access_denied,unknown,unknown,access_denied,"bl-pcb-v1, feapi-pca-v1","pca-dev-01-app, pca-sit-01-app, pcb-dev-01-app, pcb-sit-01-app","bl-pcb-v1, feapi-pca-v1",,6,0,2026-01-19 13:17,2026-02-08 21:36,20,0,SYSTEMIC,OPEN,,
KP-000069,UNKNOWN:unknown:not_found_error,unknown,unknown,not_found_error,"bl-pcb-v1, feapi-pca-v1","pca-dev-01-app, pca-sit-01-app, pcb-dev-01-app, pcb-sit-01-app, pcb-uat-01-app","bl-pcb-v1, feapi-pca-v1",,138,0,2026-01-14 22:06,2026-02-08 21:36,25,0,SYSTEMIC,OPEN,,
KP-000046,AUTH:unknown:unclassified,auth,unknown,unclassified,"bl-pcb-v1, feapi-pca-v1","pca-dev-01-app, pca-sit-01-app, pcb-dev-01-app, pcb-sit-01-app","bl-pcb-v1, feapi-pca-v1",,14,8,2026-01-20 13:52,2026-02-08 21:36,19,0,SYSTEMIC,OPEN,,
KP-000093,EXTERNAL:card_servicing:internal_error,external,card_servicing,internal_error,"bff-pcb-ch-card-servicing-admin-v1, bff-pcb-ch-card-servicing-init-v1, bff-pcb-ch-card-servicing-v1, bff-pcb-ch-card-servicing-v2, feapi-pca-v1","pca-sit-01-app, pcb-ch-dev-01-app, pcb-ch-sit-01-app","bff-pcb-ch-card-servicing-admin-v1, bff-pcb-ch-card-servicing-init-v1, bff-pcb-ch-card-servicing-v1, bff-pcb-ch-card-servicing-v2, feapi-pca-v1",,31,0,2026-01-19 13:17,2026-02-08 21:36,20,0,CROSS_NS,OPEN,,
KP-000112,EXTERNAL:unknown:internal_error,external,unknown,internal_error,"bl-pcb-v1, feapi-pca-v1","pca-dev-01-app, pca-sit-01-app, pcb-dev-01-app, pcb-fat-01-app, pcb-sit-01-app, pcb-uat-01-app","bl-pcb-v1, feapi-pca-v1",,500,32,2026-01-14 20:37,2026-02-08 21:36,25,0,SYSTEMIC,OPEN,,
KP-000092,UNKNOWN:card_servicing:value_instantiation_exception,unknown,card_servicing,value_instantiation_exception,"bff-pcb-ch-card-servicing-admin-v1, bff-pcb-ch-card-servicing-init-v1","pcb-ch-dev-01-app, pcb-ch-sit-01-app","bff-pcb-ch-card-servicing-admin-v1, bff-pcb-ch-card-servicing-init-v1",,5,0,2026-01-19 13:19,2026-02-08 21:36,20,0,CROSS_NS,OPEN,,
KP-000145,AUTH:unknown:forbidden_error,auth,unknown,forbidden_error,"bl-pcb-v1, feapi-pca-v1","pca-dev-01-app, pca-sit-01-app, pcb-dev-01-app, pcb-sit-01-app, pcb-uat-01-app","bl-pcb-v1, feapi-pca-v1",,140,0,2026-01-14 19:28,2026-02-08 21:36,25,0,SYSTEMIC,OPEN,,
KP-000082,BUSINESS:card_opening:not_found,business,card_opening,not_found,"bff-pcb-ch-card-opening-v2, bl-pcb-atm-locator-v1","pcb-ch-dev-01-app, pcb-ch-sit-01-app, pcb-dev-01-app, pcb-sit-01-app","bff-pcb-ch-card-opening-v2, bl-pcb-atm-locator-v1",,11,0,2026-01-13 19:30,2026-02-08 21:34,26,0,SYSTEMIC,OPEN,,
KP-000079,BUSINESS:card_opening:business_exception,business,card_opening,business_exception,"bff-pcb-ch-card-opening-v2, bl-pcb-v1","pcb-ch-dev-01-app, pcb-ch-sit-01-app, pcb-dev-01-app, pcb-sit-01-app","bff-pcb-ch-card-opening-v2, bl-pcb-v1",,9,0,2026-01-18 21:28,2026-02-08 21:34,21,0,SYSTEMIC,OPEN,,
KP-000018,BUSINESS:unknown:unclassified,business,unknown,unclassified,"bl-pcb-v1, feapi-pca-v1","pca-dev-01-app, pcb-dev-01-app, pcb-sit-01-app, pcb-uat-01-app",bl-pcb-v1,,500,1419,2026-01-16 05:00,2026-02-08 21:34,24,0,SYSTEMIC,OPEN,,
KP-000228,UNKNOWN:notification:data_integrity_violation_exception,unknown,notification,data_integrity_violation_exception,"bl-pcb-notification-v1, bl-pcb-v1","pcb-dev-01-app, pcb-sit-01-app","bl-pcb-notification-v1, bl-pcb-v1",,1,0,2026-01-26 21:33,2026-02-08 21:33,13,0,CROSS_NS,OPEN,,
KP-000191,UNKNOWN:unknown:data_integrity_violation_exception,unknown,unknown,data_integrity_violation_exception,bl-pcb-v1,"pcb-dev-01-app, pcb-sit-01-app",bl-pcb-v1,,2,0,2026-01-26 21:33,2026-02-08 21:33,13,0,CROSS_NS,OPEN,,
KP-000071,BUSINESS:card_servicing:not_found,business,card_servicing,not_found,"bff-pcb-ch-card-opening-v2, bff-pcb-ch-card-servicing-admin-v1, bff-pcb-ch-card-servicing-init-v1, bff-pcb-ch-card-servicing-v1, bff-pcb-ch-card-servicing-v3, bl-pcb-atm-locator-v1, bl-pcb-v1","pcb-ch-dev-01-app, pcb-ch-sit-01-app, pcb-dev-01-app, pcb-sit-01-app","bff-pcb-ch-card-opening-v2, bff-pcb-ch-card-servicing-admin-v1, bff-pcb-ch-card-servicing-init-v1, bff-pcb-ch-card-servicing-v1, bff-pcb-ch-card-servicing-v3, bl-pcb-atm-locator-v1, bl-pcb-v1",,18,0,2026-01-13 10:27,2026-02-08 21:33,27,0,SYSTEMIC,OPEN,,
KP-000089,UNKNOWN:card_servicing:gateway_error,unknown,card_servicing,gateway_error,bff-pcb-ch-card-servicing-admin-v1,"pcb-ch-dev-01-app, pcb-ch-sit-01-app",bff-pcb-ch-card-servicing-admin-v1,,3,0,2026-01-26 19:36,2026-02-08 21:33,13,0,CROSS_NS,OPEN,,
KP-000185,AUTH:unknown:gateway_error,auth,unknown,gateway_error,bl-pcb-v1,"pcb-dev-01-app, pcb-sit-01-app",bl-pcb-v1,,3,0,2026-01-15 19:36,2026-02-08 21:33,24,0,CROSS_NS,OPEN,,
KP-000088,BUSINESS:card_servicing:invalid_argument,business,card_servicing,invalid_argument,"bff-pcb-ch-card-servicing-admin-v1, bl-pcb-atm-locator-v1, bl-pcb-codelist-v1, bl-pcb-v1","pcb-ch-dev-01-app, pcb-ch-sit-01-app, pcb-dev-01-app, pcb-sit-01-app","bff-pcb-ch-card-servicing-admin-v1, bl-pcb-atm-locator-v1, bl-pcb-codelist-v1, bl-pcb-v1",,5,0,2026-01-26 18:09,2026-02-08 21:33,13,0,SYSTEMIC,OPEN,,
KP-000192,AUTH:unknown:internal_error,auth,unknown,internal_error,bl-pcb-v1,pcb-sit-01-app,bl-pcb-v1,,2,0,2026-01-26 21:33,2026-02-08 21:33,13,0,LOCAL,OPEN,,
KP-000062,AUTH:card_servicing:unauthorized_error,auth,card_servicing,unauthorized_error,"bff-pcb-ch-card-opening-v2, bff-pcb-ch-card-sensitive-data-v1, bff-pcb-ch-card-servicing-admin-v1, bff-pcb-ch-card-servicing-init-v1, bff-pcb-ch-card-servicing-notice-v1, bff-pcb-ch-card-servicing-v1, bff-pcb-ch-card-servicing-v2, bff-pcb-ch-card-validation-v1, bff-pcb-ch-click2pay-v1, bff-pcb-ch-document-signing-v1","pcb-ch-dev-01-app, pcb-ch-sit-01-app","bff-pcb-ch-card-opening-v2, bff-pcb-ch-card-sensitive-data-v1, bff-pcb-ch-card-servicing-admin-v1, bff-pcb-ch-card-servicing-init-v1, bff-pcb-ch-card-servicing-notice-v1, bff-pcb-ch-card-servicing-v1, bff-pcb-ch-card-servicing-v2, bff-pcb-ch-card-validation-v1, bff-pcb-ch-click2pay-v1, bff-pcb-ch-document-signing-v1",,22,0,2026-01-13 23:08,2026-02-08 21:33,26,0,SYSTEMIC,OPEN,,
KP-000063,AUTH:card_servicing:not_found_error,auth,card_servicing,not_found_error,"bff-pcb-ch-card-opening-v2, bff-pcb-ch-card-sensitive-data-v1, bff-pcb-ch-card-servicing-admin-v1, bff-pcb-ch-card-servicing-init-v1, bff-pcb-ch-card-servicing-notice-v1, bff-pcb-ch-card-servicing-v1, bff-pcb-ch-card-servicing-v2, bff-pcb-ch-card-servicing-v3, bff-pcb-ch-click2pay-v1, bff-pcb-ch-document-signing-v1","pcb-ch-dev-01-app, pcb-ch-sit-01-app","bff-pcb-ch-card-opening-v2, bff-pcb-ch-card-sensitive-data-v1, bff-pcb-ch-card-servicing-admin-v1, bff-pcb-ch-card-servicing-init-v1, bff-pcb-ch-card-servicing-notice-v1, bff-pcb-ch-card-servicing-v1, bff-pcb-ch-card-servicing-v2, bff-pcb-ch-card-servicing-v3, bff-pcb-ch-click2pay-v1, bff-pcb-ch-document-signing-v1",,2,1,2026-01-26 04:25,2026-02-08 21:33,14,0,SYSTEMIC,OPEN,,
KP-000114,UNKNOWN:unknown:gateway_error,unknown,unknown,gateway_error,bl-pcb-v1,"pcb-dev-01-app, pcb-sit-01-app, pcb-uat-01-app",bl-pcb-v1,,500,95,2026-01-14 15:37,2026-02-08 21:33,25,0,CROSS_NS,OPEN,,
KP-000067,AUTH:card_opening:forbidden,auth,card_opening,forbidden,"bff-pcb-ch-card-opening-v2, bl-pcb-v1","pcb-ch-dev-01-app, pcb-ch-sit-01-app, pcb-dev-01-app, pcb-sit-01-app","bff-pcb-ch-card-opening-v2, bl-pcb-v1",,47,0,2026-01-19 19:32,2026-02-08 21:32,20,0,SYSTEMIC,OPEN,,
KP-000179,AUTH:unknown:authorization_denied_exception,auth,unknown,authorization_denied_exception,bl-pcb-v1,"pcb-dev-01-app, pcb-sit-01-app",bl-pcb-v1,,2,0,2026-01-26 10:07,2026-02-08 21:32,14,0,CROSS_NS,OPEN,,
KP-000178,AUTH:unknown:business_exception,auth,unknown,business_exception,bl-pcb-v1,"pcb-dev-01-app, pcb-sit-01-app",bl-pcb-v1,,7,0,2026-01-16 13:17,2026-02-08 21:32,23,0,CROSS_NS,OPEN,,
KP-000083,BUSINESS:card_opening:invalid_argument,business,card_opening,invalid_argument,bff-pcb-ch-card-opening-v2,"pcb-ch-dev-01-app, pcb-ch-sit-01-app",bff-pcb-ch-card-opening-v2,,6,0,2026-01-13 21:32,2026-02-08 21:32,26,0,CROSS_NS,OPEN,,
KP-000084,UNKNOWN:card_opening:query_param_exception,unknown,card_opening,query_param_exception,"bff-pcb-ch-card-opening-v2, bl-pcb-atm-locator-v1","pcb-ch-dev-01-app, pcb-ch-sit-01-app, pcb-dev-01-app, pcb-sit-01-app","bff-pcb-ch-card-opening-v2, bl-pcb-atm-locator-v1",,1,0,2026-01-26 10:47,2026-02-08 21:32,14,0,SYSTEMIC,OPEN,,
KP-000078,UNKNOWN:card_opening:access_denied,unknown,card_opening,access_denied,"bff-pcb-ch-card-opening-v2, bl-pcb-v1","pcb-ch-dev-01-app, pcb-ch-sit-01-app, pcb-sit-01-app","bff-pcb-ch-card-opening-v2, bl-pcb-v1",,10,0,2026-01-26 06:00,2026-02-08 21:32,14,0,CROSS_NS,OPEN,,
KP-000077,EXTERNAL:card_opening:gateway_error,external,card_opening,gateway_error,"bff-pcb-ch-card-opening-v2, bl-pcb-notification-v1, bl-pcb-v1","pcb-ch-dev-01-app, pcb-ch-sit-01-app, pcb-dev-01-app, pcb-sit-01-app","bff-pcb-ch-card-opening-v2, bl-pcb-notification-v1, bl-pcb-v1",,16,0,2026-01-23 07:16,2026-02-08 21:32,17,0,SYSTEMIC,OPEN,,
KP-000184,EXTERNAL:unknown:constraint_violation,external,unknown,constraint_violation,bl-pcb-v1,"pcb-dev-01-app, pcb-sit-01-app",bl-pcb-v1,,4,0,2026-01-21 12:09,2026-02-08 21:32,19,0,CROSS_NS,OPEN,,
KP-000080,UNKNOWN:card_opening:constraint_violation,unknown,card_opening,constraint_violation,bff-pcb-ch-card-opening-v2,"pcb-ch-dev-01-app, pcb-ch-sit-01-app",bff-pcb-ch-card-opening-v2,,74,0,2026-01-16 06:00,2026-02-08 21:31,24,0,CROSS_NS,OPEN,,
KP-000066,EXTERNAL:card_opening:internal_error,external,card_opening,internal_error,"bff-pcb-ch-card-opening-v2, bl-pcb-v1","pcb-ch-dev-01-app, pcb-ch-sit-01-app, pcb-sit-01-app","bff-pcb-ch-card-opening-v2, bl-pcb-v1",,33,0,2026-01-19 19:33,2026-02-08 21:31,20,0,CROSS_NS,OPEN,,
KP-000081,UNKNOWN:card_opening:server_error,unknown,card_opening,server_error,bff-pcb-ch-card-opening-v2,"pcb-ch-dev-01-app, pcb-ch-sit-01-app",bff-pcb-ch-card-opening-v2,,28,0,2026-01-17 19:39,2026-02-08 21:31,22,0,CROSS_NS,OPEN,,
KP-000101,UNKNOWN:unknown:server_error,unknown,unknown,server_error,"bl-pcb-v1, feapi-pca-v1","pca-dev-01-app, pca-sit-01-app, pcb-dev-01-app, pcb-sit-01-app, pcb-uat-01-app","bl-pcb-v1, feapi-pca-v1",,145,0,2026-01-14 16:38,2026-02-08 21:30,25,0,SYSTEMIC,OPEN,,
KP-000151,UNKNOWN:unknown:path_param_exception,unknown,unknown,path_param_exception,bl-pcb-v1,"pcb-dev-01-app, pcb-sit-01-app",bl-pcb-v1,,1,0,2026-01-26 10:08,2026-02-08 21:30,14,0,CROSS_NS,OPEN,,
KP-000137,BUSINESS:click2pay:not_found_exception,business,click2pay,not_found_exception,"bff-pcb-ch-click2pay-v1, bl-pcb-click2pay-v1, bl-pcb-design-v1, bl-pcb-notification-v1, bl-pcb-v1, feapi-pca-v1","pca-sit-01-app, pcb-ch-sit-01-app, pcb-dev-01-app, pcb-sit-01-app","bff-pcb-ch-click2pay-v1, bl-pcb-click2pay-v1, bl-pcb-design-v1, bl-pcb-notification-v1, bl-pcb-v1, feapi-pca-v1",,1,0,2026-01-26 06:02,2026-02-08 21:30,14,0,SYSTEMIC,OPEN,,
KP-000150,BUSINESS:unknown:invalid_argument,business,unknown,invalid_argument,bl-pcb-v1,"pcb-dev-01-app, pcb-sit-01-app",bl-pcb-v1,,17,0,2026-01-17 19:34,2026-02-08 21:30,22,0,CROSS_NS,OPEN,,
KP-000122,BUSINESS:atm_locator:invalid_argument,business,atm_locator,invalid_argument,"bl-pcb-atm-locator-v1, bl-pcb-v1","pcb-dev-01-app, pcb-sit-01-app","bl-pcb-atm-locator-v1, bl-pcb-v1",,4,0,2026-01-26 18:09,2026-02-08 21:30,13,0,CROSS_NS,OPEN,,
KP-000061,AUTH:card_servicing:forbidden_error,auth,card_servicing,forbidden_error,"bff-pcb-ch-card-opening-v2, bff-pcb-ch-card-sensitive-data-v1, bff-pcb-ch-card-servicing-admin-v1, bff-pcb-ch-card-servicing-init-v1, bff-pcb-ch-card-servicing-notice-v1, bff-pcb-ch-card-servicing-v1, bff-pcb-ch-card-servicing-v2, bff-pcb-ch-card-servicing-v3, bff-pcb-ch-card-validation-v1, bff-pcb-ch-click2pay-v1","pcb-ch-dev-01-app, pcb-ch-sit-01-app","bff-pcb-ch-card-opening-v2, bff-pcb-ch-card-sensitive-data-v1, bff-pcb-ch-card-servicing-admin-v1, bff-pcb-ch-card-servicing-init-v1, bff-pcb-ch-card-servicing-notice-v1, bff-pcb-ch-card-servicing-v1, bff-pcb-ch-card-servicing-v2, bff-pcb-ch-card-servicing-v3, bff-pcb-ch-card-validation-v1, bff-pcb-ch-click2pay-v1",,23,0,2026-01-13 17:10,2026-02-08 21:30,26,0,SYSTEMIC,OPEN,,
KP-000076,UNKNOWN:card_sensitive:unclassified,unknown,card_sensitive,unclassified,bff-pcb-ch-card-sensitive-data-v1,"pcb-ch-dev-01-app, pcb-ch-sit-01-app",bff-pcb-ch-card-sensitive-data-v1,,38,0,2026-01-19 13:21,2026-02-08 21:30,20,0,CROSS_NS,OPEN,,
KP-000104,AUTH:card_sensitive:forbidden,auth,card_sensitive,forbidden,bff-pcb-ch-card-sensitive-data-v1,pcb-ch-sit-01-app,bff-pcb-ch-card-sensitive-data-v1,,6,0,2026-01-26 06:01,2026-02-08 21:30,14,0,LOCAL,OPEN,,
KP-000087,BUSINESS:card_sensitive:not_found,business,card_sensitive,not_found,bff-pcb-ch-card-sensitive-data-v1,"pcb-ch-dev-01-app, pcb-ch-sit-01-app",bff-pcb-ch-card-sensitive-data-v1,,3,0,2026-01-26 19:32,2026-02-08 21:30,13,0,CROSS_NS,OPEN,,
KP-000115,AUTH:unknown:unauthorized_error,auth,unknown,unauthorized_error,"bl-pcb-v1, feapi-pca-v1","pca-dev-01-app, pca-sit-01-app, pcb-dev-01-app, pcb-sit-01-app, pcb-uat-01-app","bl-pcb-v1, feapi-pca-v1",,126,0,2026-01-15 19:10,2026-02-08 21:29,24,0,SYSTEMIC,OPEN,,
KP-000030,UNKNOWN:client_segment:unclassified,unknown,client_segment,unclassified,"bl-pcb-card-client-segment-v1, bl-pcb-card-georisk-v1, bl-pcb-v1","pcb-ch-sit-01-app, pcb-dev-01-app, pcb-sit-01-app","bl-pcb-card-client-segment-v1, bl-pcb-v1",,53,30,2026-01-17 18:19,2026-02-08 21:27,22,0,CROSS_NS,OPEN,,
KP-000117,BUSINESS:client_segment:business_exception,business,client_segment,business_exception,"bl-pcb-card-client-segment-v1, bl-pcb-v1","pcb-dev-01-app, pcb-sit-01-app","bl-pcb-card-client-segment-v1, bl-pcb-v1",,12,0,2026-01-14 18:20,2026-02-08 21:27,25,0,CROSS_NS,OPEN,,
KP-000209,UNKNOWN:document_signing:server_error,unknown,document_signing,server_error,"bl-pcb-document-signing-v1, bl-pcb-v1","pcb-fat-01-app, pcb-sit-01-app, pcb-uat-01-app","bl-pcb-document-signing-v1, bl-pcb-v1",,3,0,2026-01-21 13:11,2026-02-08 21:04,19,0,CROSS_NS,OPEN,,
KP-000023,UNKNOWN:token:unclassified,unknown,token,unclassified,"bl-pcb-token-v1, bl-pcb-v1, feapi-pca-v1","pca-dev-01-app, pca-sit-01-app, pcb-dev-01-app, pcb-fat-01-app, pcb-sit-01-app, pcb-uat-01-app",bl-pcb-token-v1,,57,3160,2026-01-21 10:11,2026-02-08 21:00,19,0,SYSTEMIC,OPEN,,
KP-000144,BUSINESS:token:business_exception,business,token,business_exception,bl-pcb-token-v1,"pcb-dev-01-app, pcb-sit-01-app",bl-pcb-token-v1,,1,0,2026-01-26 19:03,2026-02-08 21:00,13,0,CROSS_NS,OPEN,,
KP-000042,DATABASE:token:unclassified,database,token,unclassified,bl-pcb-token-v1,"pcb-dev-01-app, pcb-sit-01-app",bl-pcb-token-v1,,4,1,2026-01-26 10:32,2026-02-08 21:00,14,0,CROSS_NS,OPEN,,
KP-000143,UNKNOWN:token:constraint_violation,unknown,token,constraint_violation,bl-pcb-token-v1,"pcb-dev-01-app, pcb-sit-01-app",bl-pcb-token-v1,,3,0,2026-01-26 19:03,2026-02-08 21:00,13,0,CROSS_NS,OPEN,,
KP-000291,AUTH:token:forbidden_error,auth,token,forbidden_error,bl-pcb-token-v1,"pcb-dev-01-app, pcb-sit-01-app, pcb-uat-01-app",bl-pcb-token-v1,,4,52,2026-01-26 21:16,2026-02-08 21:00,13,0,CROSS_NS,OPEN,,
KP-000225,BUSINESS:notification:not_found,business,notification,not_found,bl-pcb-notification-v1,"pcb-dev-01-app, pcb-sit-01-app",bl-pcb-notification-v1,,6,0,2026-01-21 08:08,2026-02-08 20:54,19,0,CROSS_NS,OPEN,,
KP-000163,BUSINESS:notification:business_exception,business,notification,business_exception,bl-pcb-notification-v1,"pcb-dev-01-app, pcb-sit-01-app",bl-pcb-notification-v1,,2,0,2026-01-21 08:08,2026-02-08 20:54,19,0,CROSS_NS,OPEN,,
KP-000034,UNKNOWN:notification:unclassified,unknown,notification,unclassified,"bl-pcb-notification-v1, bl-pcb-v1, feapi-pca-v1","pca-sit-01-app, pcb-dev-01-app, pcb-fat-01-app, pcb-sit-01-app, pcb-uat-01-app",bl-pcb-notification-v1,,89,23,2026-01-16 14:03,2026-02-08 20:54,23,0,SYSTEMIC,OPEN,,
KP-000226,BUSINESS:notification:param_exception,business,notification,param_exception,bl-pcb-notification-v1,"pcb-dev-01-app, pcb-sit-01-app",bl-pcb-notification-v1,,2,0,2026-01-21 08:08,2026-02-08 20:54,19,0,CROSS_NS,OPEN,,
KP-000189,BUSINESS:georisk:not_found,business,georisk,not_found,"bl-pcb-card-georisk-v1, bl-pcb-notification-v1","pcb-dev-01-app, pcb-sit-01-app","bl-pcb-card-georisk-v1, bl-pcb-notification-v1",,4,0,2026-01-26 18:22,2026-02-08 20:54,13,0,CROSS_NS,OPEN,,
KP-000227,AUTH:notification:unauthorized,auth,notification,unauthorized,bl-pcb-notification-v1,"pcb-dev-01-app, pcb-sit-01-app",bl-pcb-notification-v1,,369,0,2026-01-16 18:01,2026-02-08 20:54,23,0,CROSS_NS,OPEN,,
KP-000229,EXTERNAL:notification:internal_error,external,notification,internal_error,bl-pcb-notification-v1,"pcb-dev-01-app, pcb-sit-01-app",bl-pcb-notification-v1,,2,0,2026-01-21 08:09,2026-02-08 20:54,19,0,CROSS_NS,OPEN,,
KP-000224,DATABASE:notification:unclassified,database,notification,unclassified,bl-pcb-notification-v1,"pcb-dev-01-app, pcb-sit-01-app",bl-pcb-notification-v1,,2,0,2026-01-21 08:15,2026-02-08 20:54,19,0,CROSS_NS,OPEN,,
KP-000223,UNKNOWN:notification:constraint_violation,unknown,notification,constraint_violation,bl-pcb-notification-v1,"pcb-dev-01-app, pcb-sit-01-app",bl-pcb-notification-v1,,2,0,2026-01-21 08:09,2026-02-08 20:54,19,0,CROSS_NS,OPEN,,
KP-000123,BUSINESS:codelist:invalid_argument,business,codelist,invalid_argument,"bl-pcb-atm-locator-v1, bl-pcb-codelist-v1, bl-pcb-v1","pcb-dev-01-app, pcb-sit-01-app","bl-pcb-atm-locator-v1, bl-pcb-codelist-v1, bl-pcb-v1",,7,0,2026-01-26 18:09,2026-02-08 20:31,13,0,CROSS_NS,OPEN,,
KP-000142,BUSINESS:codelist:not_found,business,codelist,not_found,bl-pcb-codelist-v1,"pcb-dev-01-app, pcb-sit-01-app",bl-pcb-codelist-v1,,6,0,2026-01-19 00:05,2026-02-08 20:31,21,0,CROSS_NS,OPEN,,
KP-000141,BUSINESS:codelist:business_exception,business,codelist,business_exception,bl-pcb-codelist-v1,"pcb-dev-01-app, pcb-sit-01-app",bl-pcb-codelist-v1,,2,0,2026-01-21 10:11,2026-02-08 20:31,19,0,CROSS_NS,OPEN,,
KP-000140,UNKNOWN:codelist:unclassified,unknown,codelist,unclassified,bl-pcb-codelist-v1,"pcb-dev-01-app, pcb-sit-01-app",bl-pcb-codelist-v1,,2,0,2026-01-26 18:33,2026-02-08 20:31,13,0,CROSS_NS,OPEN,,
KP-000139,UNKNOWN:codelist:constraint_violation,unknown,codelist,constraint_violation,bl-pcb-codelist-v1,"pcb-dev-01-app, pcb-sit-01-app",bl-pcb-codelist-v1,,2,0,2026-01-26 18:33,2026-02-08 20:31,13,0,CROSS_NS,OPEN,,
KP-000176,BUSINESS:click2pay:param_exception,business,click2pay,param_exception,"bl-pcb-click2pay-v1, bl-pcb-v1","pcb-dev-01-app, pcb-sit-01-app","bl-pcb-click2pay-v1, bl-pcb-v1",,3,0,2026-01-26 18:28,2026-02-08 20:25,13,0,CROSS_NS,OPEN,,
KP-000135,UNKNOWN:georisk:constraint_violation,unknown,georisk,constraint_violation,bl-pcb-card-georisk-v1,"pcb-dev-01-app, pcb-sit-01-app",bl-pcb-card-georisk-v1,,6,0,2026-01-26 18:22,2026-02-08 20:19,13,0,CROSS_NS,OPEN,,
KP-000136,UNKNOWN:georisk:not_supported_exception,unknown,georisk,not_supported_exception,bl-pcb-card-georisk-v1,"pcb-dev-01-app, pcb-sit-01-app",bl-pcb-card-georisk-v1,,3,0,2026-01-26 18:22,2026-02-08 20:19,13,0,CROSS_NS,OPEN,,
KP-000134,BUSINESS:georisk:business_exception,business,georisk,business_exception,bl-pcb-card-georisk-v1,"pcb-dev-01-app, pcb-sit-01-app",bl-pcb-card-georisk-v1,,1,0,2026-01-26 18:22,2026-02-08 20:18,13,0,CROSS_NS,OPEN,,
KP-000261,UNKNOWN:document_signing:not_found_error,unknown,document_signing,not_found_error,bl-pcb-document-signing-v1,"pcb-fat-01-app, pcb-uat-01-app",bl-pcb-document-signing-v1,,1,0,2026-01-26 12:17,2026-02-08 20:17,14,0,CROSS_NS,OPEN,,
KP-000175,BUSINESS:client_segment:not_found,business,client_segment,not_found,bl-pcb-card-client-segment-v1,"pcb-dev-01-app, pcb-sit-01-app",bl-pcb-card-client-segment-v1,,2,0,2026-01-26 12:15,2026-02-08 20:16,14,0,CROSS_NS,OPEN,,
KP-000127,UNKNOWN:client_segment:constraint_violation,unknown,client_segment,constraint_violation,bl-pcb-card-client-segment-v1,"pcb-dev-01-app, pcb-sit-01-app",bl-pcb-card-client-segment-v1,,7,0,2026-01-26 12:14,2026-02-08 20:16,14,0,CROSS_NS,OPEN,,
KP-000132,AUTH:client_segment:forbidden_error,auth,client_segment,forbidden_error,bl-pcb-card-client-segment-v1,"pcb-dev-01-app, pcb-sit-01-app",bl-pcb-card-client-segment-v1,,8,0,2026-01-14 18:19,2026-02-08 20:16,25,0,CROSS_NS,OPEN,,
KP-000129,BUSINESS:client_segment:unclassified,business,client_segment,unclassified,bl-pcb-card-client-segment-v1,"pcb-dev-01-app, pcb-sit-01-app",bl-pcb-card-client-segment-v1,,1,0,2026-01-26 12:15,2026-02-08 20:16,14,0,CROSS_NS,OPEN,,
KP-000128,UNKNOWN:client_segment:invalid_format_exception,unknown,client_segment,invalid_format_exception,bl-pcb-card-client-segment-v1,"pcb-dev-01-app, pcb-sit-01-app",bl-pcb-card-client-segment-v1,,10,0,2026-01-21 18:19,2026-02-08 20:16,18,0,CROSS_NS,OPEN,,
KP-000124,BUSINESS:atm_locator:not_found,business,atm_locator,not_found,bl-pcb-atm-locator-v1,"pcb-dev-01-app, pcb-sit-01-app",bl-pcb-atm-locator-v1,,4,0,2026-01-26 10:47,2026-02-08 20:07,14,0,CROSS_NS,OPEN,,
KP-000102,TIMEOUT:card_opening:timeout,timeout,card_opening,timeout,bff-pcb-ch-card-opening-v2,"pcb-ch-dev-01-app, pcb-ch-sit-01-app",bff-pcb-ch-card-opening-v2,,2,0,2026-01-21 15:21,2026-02-08 19:54,18,0,CROSS_NS,OPEN,,
KP-000022,BUSINESS:click2pay:unclassified,business,click2pay,unclassified,"bff-pcb-ch-click2pay-v1, bl-pcb-billing-v1, bl-pcb-click2pay-v1, bl-pcb-codelist-v1, bl-pcb-design-lifecycle-v1, bl-pcb-event-processor-relay-v1, bl-pcb-v1, feapi-pca-v1","pca-dev-01-app, pca-sit-01-app, pcb-ch-sit-01-app, pcb-dev-01-app, pcb-fat-01-app, pcb-sit-01-app, pcb-uat-01-app",bl-pcb-click2pay-v1,,52,108,2026-01-23 15:55,2026-02-08 19:54,16,0,SYSTEMIC,OPEN,,
KP-000187,AUTH:card_opening:forbidden_error,auth,card_opening,forbidden_error,bff-pcb-ch-card-opening-v2,"pcb-ch-dev-01-app, pcb-ch-sit-01-app",bff-pcb-ch-card-opening-v2,,18,0,2026-01-15 19:40,2026-02-08 19:47,24,0,CROSS_NS,OPEN,,
KP-000072,UNKNOWN:card_servicing:server_error,unknown,card_servicing,server_error,"bff-pcb-ch-card-sensitive-data-v1, bff-pcb-ch-card-servicing-admin-v1, bff-pcb-ch-card-servicing-init-v1, bff-pcb-ch-card-servicing-notice-v1, bff-pcb-ch-card-servicing-v1, bff-pcb-ch-click2pay-v1","pcb-ch-dev-01-app, pcb-ch-sit-01-app","bff-pcb-ch-card-sensitive-data-v1, bff-pcb-ch-card-servicing-admin-v1, bff-pcb-ch-card-servicing-init-v1, bff-pcb-ch-card-servicing-notice-v1, bff-pcb-ch-card-servicing-v1, bff-pcb-ch-click2pay-v1",,21,0,2026-01-13 18:09,2026-02-08 19:36,26,0,CROSS_NS,OPEN,,
KP-000070,UNKNOWN:card_servicing:not_found_error,unknown,card_servicing,not_found_error,"bff-pcb-ch-card-servicing-admin-v1, bff-pcb-ch-card-servicing-init-v1, bff-pcb-ch-card-servicing-v1, bff-pcb-ch-card-servicing-v3, bff-pcb-ch-click2pay-v1","pcb-ch-dev-01-app, pcb-ch-sit-01-app","bff-pcb-ch-card-servicing-admin-v1, bff-pcb-ch-card-servicing-init-v1, bff-pcb-ch-card-servicing-v1, bff-pcb-ch-card-servicing-v3, bff-pcb-ch-click2pay-v1",,22,0,2026-01-13 16:30,2026-02-08 19:36,26,0,CROSS_NS,OPEN,,
KP-000074,EXTERNAL:card_sensitive:internal_error,external,card_sensitive,internal_error,bff-pcb-ch-card-sensitive-data-v1,"pcb-ch-dev-01-app, pcb-ch-sit-01-app",bff-pcb-ch-card-sensitive-data-v1,,17,0,2026-01-19 13:21,2026-02-08 19:33,20,0,CROSS_NS,OPEN,,
KP-000183,UNKNOWN:unknown:validation_error,unknown,unknown,validation_error,bl-pcb-v1,"pcb-dev-01-app, pcb-sit-01-app",bl-pcb-v1,,2,0,2026-01-26 09:09,2026-02-08 19:33,14,0,CROSS_NS,OPEN,,
KP-000182,BUSINESS:unknown:param_exception,business,unknown,param_exception,bl-pcb-v1,pcb-dev-01-app,bl-pcb-v1,,1,0,2026-01-26 19:32,2026-02-08 19:33,13,0,LOCAL,OPEN,,
KP-000075,EXTERNAL:card_sensitive:unclassified,external,card_sensitive,unclassified,bff-pcb-ch-card-sensitive-data-v1,"pcb-ch-dev-01-app, pcb-ch-sit-01-app",bff-pcb-ch-card-sensitive-data-v1,,1,0,2026-01-26 19:32,2026-02-08 19:33,13,0,CROSS_NS,OPEN,,
KP-000086,EXTERNAL:card_opening:access_denied,external,card_opening,access_denied,bff-pcb-ch-card-opening-v2,pcb-ch-dev-01-app,bff-pcb-ch-card-opening-v2,,1,0,2026-01-26 19:32,2026-02-08 19:32,13,0,LOCAL,OPEN,,
KP-000085,AUTH:card_opening:access_denied,auth,card_opening,access_denied,bff-pcb-ch-card-opening-v2,pcb-ch-dev-01-app,bff-pcb-ch-card-opening-v2,,1,0,2026-01-26 19:32,2026-02-08 19:32,13,0,LOCAL,OPEN,,
KP-000180,UNKNOWN:unknown:marshal_exception,unknown,unknown,marshal_exception,bl-pcb-v1,pcb-dev-01-app,bl-pcb-v1,,4,0,2026-01-26 19:12,2026-02-08 19:32,13,0,LOCAL,OPEN,,
KP-000148,AUTH:client_segment:unauthorized_error,auth,client_segment,unauthorized_error,bl-pcb-card-client-segment-v1,"pcb-dev-01-app, pcb-sit-01-app",bl-pcb-card-client-segment-v1,,8,0,2026-01-14 20:17,2026-02-08 19:30,25,0,CROSS_NS,OPEN,,
KP-000201,AUTH:notification:forbidden_error,auth,notification,forbidden_error,bl-pcb-notification-v1,"pcb-dev-01-app, pcb-fat-01-app, pcb-sit-01-app, pcb-uat-01-app",bl-pcb-notification-v1,,3,0,2026-01-18 15:44,2026-02-08 18:58,21,0,SYSTEMIC,OPEN,,
KP-000308,BUSINESS:document_signing:not_found,business,document_signing,not_found,bl-pcb-document-signing-v1,pcb-sit-01-app,bl-pcb-document-signing-v1,,1,0,2026-02-08 18:06,2026-02-08 18:06,0,0,LOCAL,OPEN,,
KP-000011,UNKNOWN:pilot_context:unclassified,unknown,pilot_context,unclassified,"bl-pcb-pilot-context-v1, bl-pcb-v1, feapi-pca-v1","pca-sit-01-app, pcb-dev-01-app, pcb-sit-01-app, pcb-uat-01-app","bl-pcb-pilot-context-v1, bl-pcb-v1",,23,36,2026-01-22 15:25,2026-02-08 15:39,17,0,SYSTEMIC,OPEN,,
KP-000105,UNKNOWN:card_servicing:mismatched_input_exception,unknown,card_servicing,mismatched_input_exception,"bff-pcb-ch-card-opening-v2, bff-pcb-ch-card-servicing-admin-v1, bff-pcb-ch-card-servicing-notice-v1, bff-pcb-ch-card-validation-v1, bl-pcb-v1","pcb-ch-sit-01-app, pcb-sit-01-app","bff-pcb-ch-card-opening-v2, bff-pcb-ch-card-servicing-admin-v1, bff-pcb-ch-card-servicing-notice-v1, bff-pcb-ch-card-validation-v1, bl-pcb-v1",,20,0,2026-01-23 06:00,2026-02-08 06:02,17,1,CROSS_NS,OPEN,,
KP-000199,UNKNOWN:unknown:mismatched_input_exception,unknown,unknown,mismatched_input_exception,bl-pcb-v1,pcb-sit-01-app,bl-pcb-v1,,22,0,2026-01-26 06:02,2026-02-08 06:02,14,1,LOCAL,OPEN,,
KP-000013,UNKNOWN:card_validation:unclassified,unknown,card_validation,unclassified,"bff-pcb-ch-card-validation-v1, bff-pcb-ch-click2pay-v1, bl-pcb-click2pay-v1, bl-pcb-document-signing-v1, bl-pcb-v1","pcb-ch-dev-01-app, pcb-ch-sit-01-app, pcb-dev-01-app",bff-pcb-ch-card-validation-v1,,34,436,2026-01-23 15:55,2026-02-08 06:02,16,1,CROSS_NS,OPEN,,
KP-000110,UNKNOWN:card_validation:mismatched_input_exception,unknown,card_validation,mismatched_input_exception,bff-pcb-ch-card-validation-v1,pcb-ch-sit-01-app,bff-pcb-ch-card-validation-v1,,2,0,2026-01-26 06:01,2026-02-08 06:02,14,1,LOCAL,OPEN,,
KP-000060,AUTH:card_servicing:access_denied,auth,card_servicing,access_denied,"bff-pcb-ch-card-opening-v2, bff-pcb-ch-card-sensitive-data-v1, bff-pcb-ch-card-servicing-admin-v1, bff-pcb-ch-card-servicing-notice-v1, bff-pcb-ch-card-servicing-v1, bff-pcb-ch-card-servicing-v2, bff-pcb-ch-card-servicing-v3, bff-pcb-ch-click2pay-v1, bl-pcb-v1","pcb-ch-sit-01-app, pcb-sit-01-app","bff-pcb-ch-card-opening-v2, bff-pcb-ch-card-sensitive-data-v1, bff-pcb-ch-card-servicing-admin-v1, bff-pcb-ch-card-servicing-notice-v1, bff-pcb-ch-card-servicing-v1, bff-pcb-ch-card-servicing-v2, bff-pcb-ch-card-servicing-v3, bff-pcb-ch-click2pay-v1, bl-pcb-v1",,1,0,2026-01-26 06:00,2026-02-08 06:01,14,1,SYSTEMIC,OPEN,,
KP-000059,AUTH:card_servicing:unauthorized,auth,card_servicing,unauthorized,"bff-pcb-ch-card-opening-v2, bff-pcb-ch-card-sensitive-data-v1, bff-pcb-ch-card-servicing-admin-v1, bff-pcb-ch-card-servicing-notice-v1, bff-pcb-ch-card-servicing-v1, bff-pcb-ch-card-servicing-v2, bff-pcb-ch-card-servicing-v3, bff-pcb-ch-click2pay-v1, bl-pcb-v1","pcb-ch-dev-01-app, pcb-ch-sit-01-app, pcb-sit-01-app","bff-pcb-ch-card-opening-v2, bff-pcb-ch-card-sensitive-data-v1, bff-pcb-ch-card-servicing-admin-v1, bff-pcb-ch-card-servicing-notice-v1, bff-pcb-ch-card-servicing-v1, bff-pcb-ch-card-servicing-v2, bff-pcb-ch-card-servicing-v3, bff-pcb-ch-click2pay-v1, bl-pcb-v1",,5,0,2026-01-13 10:27,2026-02-08 06:01,27,1,SYSTEMIC,OPEN,,
KP-000108,AUTH:document_signing:forbidden,auth,document_signing,forbidden,"bff-pcb-ch-document-signing-v1, bl-pcb-document-signing-v1","pcb-ch-dev-01-app, pcb-ch-sit-01-app, pcb-dev-01-app, pcb-sit-01-app","bff-pcb-ch-document-signing-v1, bl-pcb-document-signing-v1",,5,0,2026-01-19 13:19,2026-02-08 06:01,20,1,SYSTEMIC,OPEN,,
KP-000109,UNKNOWN:document_signing:constraint_violation,unknown,document_signing,constraint_violation,bff-pcb-ch-document-signing-v1,pcb-ch-sit-01-app,bff-pcb-ch-document-signing-v1,,2,0,2026-01-26 06:01,2026-02-08 06:01,14,1,LOCAL,OPEN,,
KP-000168,UNKNOWN:document_signing:access_denied,unknown,document_signing,access_denied,bl-pcb-document-signing-v1,"pcb-dev-01-app, pcb-sit-01-app",bl-pcb-document-signing-v1,,5,0,2026-01-19 13:19,2026-02-08 06:01,20,1,CROSS_NS,OPEN,,
KP-000106,UNKNOWN:card_opening:mismatched_input_exception,unknown,card_opening,mismatched_input_exception,bff-pcb-ch-card-opening-v2,pcb-ch-sit-01-app,bff-pcb-ch-card-opening-v2,,6,0,2026-01-26 06:00,2026-02-08 06:00,14,1,LOCAL,OPEN,,
KP-000197,DATABASE:unknown:timeout,database,unknown,timeout,bl-pcb-v1,"pcb-sit-01-app, pcb-uat-01-app",bl-pcb-v1,,54,0,2026-01-16 05:02,2026-02-08 05:01,24,1,CROSS_NS,OPEN,,
KP-000160,AUTH:unknown:unauthorized,auth,unknown,unauthorized,bl-pcb-v1,"pcb-dev-01-app, pcb-sit-01-app, pcb-uat-01-app",bl-pcb-v1,,500,51,2026-01-15 04:54,2026-02-08 00:27,25,1,CROSS_NS,OPEN,,
KP-000202,AUTH:notification:unauthorized_error,auth,notification,unauthorized_error,bl-pcb-notification-v1,"pcb-fat-01-app, pcb-sit-01-app, pcb-uat-01-app",bl-pcb-notification-v1,,3,0,2026-01-16 17:39,2026-02-05 22:15,23,3,CROSS_NS,OPEN,,
KP-000309,UNKNOWN:card_servicing:query_param_exception,unknown,card_servicing,query_param_exception,"bff-pcb-ch-card-opening-v2, bff-pcb-ch-card-servicing-v3, bl-pcb-atm-locator-v1","pcb-ch-dev-01-app, pcb-ch-sit-01-app, pcb-dev-01-app, pcb-sit-01-app","bff-pcb-ch-card-opening-v2, bff-pcb-ch-card-servicing-v3, bl-pcb-atm-locator-v1",,1,0,2026-02-05 08:21,2026-02-05 21:32,4,3,SYSTEMIC,OPEN,,
KP-000230,AUTH:click2pay:unauthorized_error,auth,click2pay,unauthorized_error,"bff-pcb-ch-click2pay-v1, bl-pcb-click2pay-v1","pcb-ch-dev-01-app, pcb-ch-sit-01-app, pcb-dev-01-app, pcb-sit-01-app","bff-pcb-ch-click2pay-v1, bl-pcb-click2pay-v1",,10,0,2026-01-16 18:28,2026-02-05 20:25,23,3,SYSTEMIC,OPEN,,
KP-000103,UNKNOWN:card_opening:not_found_error,unknown,card_opening,not_found_error,bff-pcb-ch-card-opening-v2,"pcb-ch-dev-01-app, pcb-ch-sit-01-app",bff-pcb-ch-card-opening-v2,,21,0,2026-01-13 21:29,2026-02-05 19:33,26,3,CROSS_NS,OPEN,,
KP-000208,AUTH:card_opening:unauthorized_error,auth,card_opening,unauthorized_error,bff-pcb-ch-card-opening-v2,"pcb-ch-dev-01-app, pcb-ch-sit-01-app",bff-pcb-ch-card-opening-v2,,25,0,2026-01-16 06:00,2026-02-05 19:31,24,3,CROSS_NS,OPEN,,
KP-000206,AUTH:card_opening:unauthorized,auth,card_opening,unauthorized,"bff-pcb-ch-card-opening-v2, bl-pcb-v1","pcb-ch-dev-01-app, pcb-ch-sit-01-app, pcb-dev-01-app, pcb-sit-01-app","bff-pcb-ch-card-opening-v2, bl-pcb-v1",,14,0,2026-01-18 19:41,2026-02-05 19:31,21,3,SYSTEMIC,OPEN,,
KP-000203,UNKNOWN:client_segment:server_error,unknown,client_segment,server_error,bl-pcb-card-client-segment-v1,"pcb-dev-01-app, pcb-sit-01-app",bl-pcb-card-client-segment-v1,,8,0,2026-01-18 18:19,2026-02-05 18:19,21,3,CROSS_NS,OPEN,,
KP-000195,UNKNOWN:billing:gateway_error,unknown,billing,gateway_error,bl-pcb-billing-v1,"pcb-dev-01-app, pcb-fat-01-app, pcb-uat-01-app",bl-pcb-billing-v1,,28,0,2026-01-17 00:11,2026-02-05 18:07,23,3,CROSS_NS,OPEN,,
KP-000194,EXTERNAL:billing:gateway_error,external,billing,gateway_error,bl-pcb-billing-v1,"pcb-dev-01-app, pcb-fat-01-app, pcb-uat-01-app",bl-pcb-billing-v1,,14,0,2026-01-17 05:11,2026-02-05 18:07,23,3,CROSS_NS,OPEN,,
KP-000213,EXTERNAL:billing:internal_error,external,billing,internal_error,bl-pcb-billing-v1,"pcb-dev-01-app, pcb-fat-01-app, pcb-uat-01-app",bl-pcb-billing-v1,,14,0,2026-01-16 18:11,2026-02-05 17:07,23,3,CROSS_NS,OPEN,,
KP-000131,EXTERNAL:client_segment:internal_error,external,client_segment,internal_error,bl-pcb-card-client-segment-v1,"pcb-dev-01-app, pcb-sit-01-app",bl-pcb-card-client-segment-v1,,2,0,2026-01-14 18:19,2026-02-05 15:06,25,3,CROSS_NS,OPEN,,
KP-000266,UNKNOWN:client_segment:hibernate_optimistic_locking_failure_exception,unknown,client_segment,hibernate_optimistic_locking_failure_exception,bl-pcb-card-client-segment-v1,pcb-sit-01-app,bl-pcb-card-client-segment-v1,,2,0,2026-01-20 10:19,2026-02-05 15:06,20,3,LOCAL,OPEN,,
KP-000235,UNKNOWN:unknown:simple_error,unknown,unknown,simple_error,bl-pcb-v1,"pcb-dev-01-app, pcb-sit-01-app, pcb-uat-01-app",bl-pcb-v1,,500,0,2026-01-20 14:00,2026-02-05 14:25,19,3,CROSS_NS,OPEN,,
KP-000253,BUSINESS:batch_processing:not_found,business,batch_processing,not_found,bl-pcb-batch-processor-v1,"pcb-dev-01-app, pcb-sit-01-app",bl-pcb-batch-processor-v1,,4,0,2026-01-26 06:31,2026-02-05 14:24,14,3,CROSS_NS,OPEN,,
KP-000239,BUSINESS:billing:not_found,business,billing,not_found,bl-pcb-billing-v1,"pcb-dev-01-app, pcb-fat-01-app, pcb-uat-01-app",bl-pcb-billing-v1,,4,0,2026-01-19 12:10,2026-02-05 13:54,21,3,CROSS_NS,OPEN,,
KP-000238,AUTH:billing:forbidden,auth,billing,forbidden,bl-pcb-billing-v1,"pcb-dev-01-app, pcb-fat-01-app, pcb-uat-01-app",bl-pcb-billing-v1,,4,0,2026-01-19 12:10,2026-02-05 13:54,21,3,CROSS_NS,OPEN,,
KP-000237,AUTH:billing:unauthorized,auth,billing,unauthorized,bl-pcb-billing-v1,"pcb-dev-01-app, pcb-fat-01-app, pcb-uat-01-app",bl-pcb-billing-v1,,4,0,2026-01-19 10:10,2026-02-05 13:54,21,3,CROSS_NS,OPEN,,
KP-000310,BUSINESS:event_p:not_found,business,event_p,not_found,bl-pcb-event-p-authorizations-v1,pcb-sit-01-app,bl-pcb-event-p-authorizations-v1,,1,0,2026-02-05 12:57,2026-02-05 12:57,4,4,LOCAL,OPEN,,
KP-000280,UNKNOWN:event_p:unclassified,unknown,event_p,unclassified,bl-pcb-event-p-authorizations-v1,"pcb-sit-01-app, pcb-uat-01-app",bl-pcb-event-p-authorizations-v1,,6,0,2026-01-26 09:23,2026-02-05 12:57,14,4,CROSS_NS,OPEN,,
KP-000298,DATABASE:token:server_error,database,token,server_error,bl-pcb-token-v1,pcb-dev-01-app,bl-pcb-token-v1,,2,0,2026-01-29 19:04,2026-02-05 09:35,10,4,LOCAL,OPEN,,
KP-000174,AUTH:design_lifecycle:unauthorized_error,auth,design_lifecycle,unauthorized_error,bl-pcb-design-lifecycle-v1,pcb-dev-01-app,bl-pcb-design-lifecycle-v1,,1,0,2026-01-26 04:08,2026-02-05 06:46,14,4,LOCAL,OPEN,,
KP-000107,UNKNOWN:click2pay:not_found_error,unknown,click2pay,not_found_error,"bff-pcb-ch-click2pay-v1, bl-pcb-click2pay-v1","pcb-ch-dev-01-app, pcb-ch-sit-01-app, pcb-dev-01-app, pcb-sit-01-app","bff-pcb-ch-click2pay-v1, bl-pcb-click2pay-v1",,6,0,2026-01-16 21:51,2026-02-05 06:05,23,4,SYSTEMIC,OPEN,,
KP-000126,UNKNOWN:notification:server_error,unknown,notification,server_error,bl-pcb-notification-v1,"pcb-fat-01-app, pcb-uat-01-app",bl-pcb-notification-v1,,1,0,2026-01-21 13:15,2026-02-05 00:15,19,4,CROSS_NS,OPEN,,
KP-000181,BUSINESS:document_signing:business_exception,business,document_signing,business_exception,"bl-pcb-document-signing-v1, bl-pcb-v1","pcb-dev-01-app, pcb-sit-01-app","bl-pcb-document-signing-v1, bl-pcb-v1",,3,0,2026-01-21 05:07,2026-02-05 00:07,19,4,CROSS_NS,OPEN,,
KP-000301,UNKNOWN:georisk:not_found_error,unknown,georisk,not_found_error,bl-pcb-card-georisk-v1,pcb-sit-01-app,bl-pcb-card-georisk-v1,,2,0,2026-02-03 11:24,2026-02-04 20:18,6,4,LOCAL,OPEN,,
KP-000248,AUTH:georisk:forbidden_error,auth,georisk,forbidden_error,bl-pcb-card-georisk-v1,"pcb-dev-01-app, pcb-sit-01-app",bl-pcb-card-georisk-v1,,4,0,2026-01-19 18:22,2026-02-04 20:18,20,4,CROSS_NS,OPEN,,
KP-000193,UNKNOWN:document_signing:gateway_error,unknown,document_signing,gateway_error,bl-pcb-document-signing-v1,"pcb-dev-01-app, pcb-sit-01-app",bl-pcb-document-signing-v1,,4,0,2026-01-15 21:36,2026-02-04 19:54,24,4,CROSS_NS,OPEN,,
KP-000236,AUTH:notification:not_found,auth,notification,not_found,bl-pcb-notification-v1,pcb-dev-01-app,bl-pcb-notification-v1,,1,0,2026-01-19 09:26,2026-02-04 18:58,21,4,LOCAL,OPEN,,
KP-000005,UNKNOWN:card_read:unclassified,unknown,card_read,unclassified,"bl-pcb-card-read-model-v1, bl-pcb-v1, feapi-pca-v1","pca-sit-01-app, pcb-dev-01-app, pcb-sit-01-app, pcb-uat-01-app",bl-pcb-card-read-model-v1,,55,12,2026-01-23 15:55,2026-02-04 18:50,16,4,SYSTEMIC,OPEN,,
KP-000149,UNKNOWN:codelist:server_error,unknown,codelist,server_error,bl-pcb-codelist-v1,"pcb-dev-01-app, pcb-sit-01-app",bl-pcb-codelist-v1,,2,0,2026-01-22 18:33,2026-02-04 14:09,17,4,CROSS_NS,OPEN,,
KP-000234,UNKNOWN:click2pay:server_error,unknown,click2pay,server_error,"bff-pcb-ch-click2pay-v1, bl-pcb-click2pay-v1","pcb-ch-dev-01-app, pcb-ch-sit-01-app, pcb-dev-01-app, pcb-sit-01-app","bff-pcb-ch-click2pay-v1, bl-pcb-click2pay-v1",,8,0,2026-01-19 19:54,2026-02-04 13:20,20,4,SYSTEMIC,OPEN,,
KP-000300,BUSINESS:design:not_found,business,design,not_found,bl-pcb-design-v1,pcb-dev-01-app,bl-pcb-design-v1,,1,0,2026-02-04 13:11,2026-02-04 13:11,5,5,LOCAL,OPEN,,
KP-000019,EXTERNAL:click2pay:unclassified,external,click2pay,unclassified,"bl-pcb-billing-v1, bl-pcb-click2pay-v1, bl-pcb-event-processor-relay-v1, bl-pcb-v1, feapi-pca-v1","pca-dev-01-app, pcb-sit-01-app",bl-pcb-click2pay-v1,,4,14,2026-01-23 15:55,2026-02-04 12:59,16,5,CROSS_NS,OPEN,,
KP-000255,EXTERNAL:token:internal_error,external,token,internal_error,bl-pcb-token-v1,"pcb-dev-01-app, pcb-fat-01-app, pcb-sit-01-app, pcb-uat-01-app",bl-pcb-token-v1,,275,10,2026-01-24 13:02,2026-02-04 12:04,16,5,SYSTEMIC,OPEN,,
KP-000091,UNKNOWN:unknown:soap_fault_exception,unknown,unknown,soap_fault_exception,"bl-pcb-v1, feapi-pca-v1","pca-sit-01-app, pcb-sit-01-app","bl-pcb-v1, feapi-pca-v1",,4,0,2026-01-13 19:38,2026-02-04 11:39,26,5,CROSS_NS,OPEN,,
KP-000215,UNKNOWN:design_lifecycle:server_error,unknown,design_lifecycle,server_error,bl-pcb-design-lifecycle-v1,pcb-dev-01-app,bl-pcb-design-lifecycle-v1,,1,0,2026-01-21 11:08,2026-02-04 04:46,19,5,LOCAL,OPEN,,
KP-000231,AUTH:georisk:unauthorized_error,auth,georisk,unauthorized_error,bl-pcb-card-georisk-v1,"pcb-dev-01-app, pcb-sit-01-app",bl-pcb-card-georisk-v1,,4,0,2026-01-16 20:18,2026-02-03 17:48,23,5,CROSS_NS,OPEN,,
KP-000204,BUSINESS:client_segment:not_found_error,business,client_segment,not_found_error,bl-pcb-card-client-segment-v1,"pcb-dev-01-app, pcb-sit-01-app",bl-pcb-card-client-segment-v1,,1,0,2026-01-18 18:19,2026-02-03 17:23,21,5,CROSS_NS,OPEN,,
KP-000306,UNKNOWN:click2pay:sun_cert_path_builder_exception,unknown,click2pay,sun_cert_path_builder_exception,bl-pcb-click2pay-v1,pcb-dev-01-app,bl-pcb-click2pay-v1,,1,0,2026-02-03 16:20,2026-02-03 16:20,5,5,LOCAL,OPEN,,
KP-000305,NETWORK:atm_locator:ssl_handshake_exception,network,atm_locator,ssl_handshake_exception,bl-pcb-atm-locator-v1,pcb-dev-01-app,bl-pcb-atm-locator-v1,,1,0,2026-02-03 16:16,2026-02-03 16:16,5,5,LOCAL,OPEN,,
KP-000304,BUSINESS:atm_locator:business_exception,business,atm_locator,business_exception,bl-pcb-atm-locator-v1,pcb-dev-01-app,bl-pcb-atm-locator-v1,,1,0,2026-02-03 16:16,2026-02-03 16:16,5,5,LOCAL,OPEN,,
KP-000171,EXTERNAL:event_processing:internal_error,external,event_processing,internal_error,bl-pcb-event-processor-relay-v1,"pcb-dev-01-app, pcb-fat-01-app, pcb-sit-01-app, pcb-uat-01-app",bl-pcb-event-processor-relay-v1,,2,0,2026-01-15 14:33,2026-02-03 16:10,24,5,SYSTEMIC,OPEN,,
KP-000188,AUTH:click2pay:forbidden_error,auth,click2pay,forbidden_error,"bff-pcb-ch-click2pay-v1, bl-pcb-click2pay-v1","pcb-ch-dev-01-app, pcb-ch-sit-01-app, pcb-dev-01-app, pcb-sit-01-app","bff-pcb-ch-click2pay-v1, bl-pcb-click2pay-v1",,8,0,2026-01-21 06:01,2026-02-03 12:53,19,6,SYSTEMIC,OPEN,,
KP-000303,UNKNOWN:codelist:mismatched_input_exception,unknown,codelist,mismatched_input_exception,bl-pcb-codelist-v1,"pcb-dev-01-app, pcb-sit-01-app",bl-pcb-codelist-v1,,2,0,2026-02-03 11:06,2026-02-03 11:08,6,6,CROSS_NS,OPEN,,
KP-000259,UNKNOWN:codelist:processing_exception,unknown,codelist,processing_exception,bl-pcb-codelist-v1,"pcb-dev-01-app, pcb-sit-01-app",bl-pcb-codelist-v1,,2,0,2026-01-24 14:18,2026-02-03 11:08,15,6,CROSS_NS,OPEN,,
KP-000302,EXTERNAL:codelist:internal_error,external,codelist,internal_error,bl-pcb-codelist-v1,"pcb-dev-01-app, pcb-sit-01-app",bl-pcb-codelist-v1,,2,0,2026-02-03 11:06,2026-02-03 11:08,6,6,CROSS_NS,OPEN,,
KP-000297,UNKNOWN:card_sensitive:not_found_error,unknown,card_sensitive,not_found_error,bff-pcb-ch-card-sensitive-data-v1,pcb-ch-sit-01-app,bff-pcb-ch-card-sensitive-data-v1,,1,0,2026-01-29 06:01,2026-02-03 06:01,11,6,LOCAL,OPEN,,
KP-000205,AUTH:document_signing:forbidden_error,auth,document_signing,forbidden_error,bl-pcb-document-signing-v1,"pcb-fat-01-app, pcb-uat-01-app",bl-pcb-document-signing-v1,,1,0,2026-01-23 10:17,2026-02-03 02:17,17,6,CROSS_NS,OPEN,,
KP-000100,TIMEOUT:click2pay:timeout,timeout,click2pay,timeout,bff-pcb-ch-click2pay-v1,"pcb-ch-dev-01-app, pcb-ch-sit-01-app",bff-pcb-ch-click2pay-v1,,1,0,2026-01-15 19:55,2026-02-02 21:51,24,6,CROSS_NS,OPEN,,
KP-000186,AUTH:click2pay:not_found,auth,click2pay,not_found,"bl-pcb-click2pay-v1, bl-pcb-v1","pcb-dev-01-app, pcb-sit-01-app","bl-pcb-click2pay-v1, bl-pcb-v1",,1,0,2026-01-26 19:36,2026-02-02 21:50,13,6,CROSS_NS,OPEN,,
KP-000307,AUTH:document_signing:unauthorized,auth,document_signing,unauthorized,bl-pcb-document-signing-v1,pcb-dev-01-app,bl-pcb-document-signing-v1,,1,0,2026-02-02 19:36,2026-02-02 19:36,6,6,LOCAL,OPEN,,
KP-000207,AUTH:design_lifecycle:forbidden_error,auth,design_lifecycle,forbidden_error,bl-pcb-design-lifecycle-v1,pcb-dev-01-app,bl-pcb-design-lifecycle-v1,,1,0,2026-01-26 08:46,2026-02-02 19:08,14,6,LOCAL,OPEN,,
KP-000220,AUTH:event_processing:not_found,auth,event_processing,not_found,bl-pcb-event-processor-relay-v1,"pcb-dev-01-app, pcb-fat-01-app, pcb-sit-01-app, pcb-uat-01-app",bl-pcb-event-processor-relay-v1,,58,0,2026-01-16 14:33,2026-02-02 14:36,23,6,SYSTEMIC,OPEN,,
KP-000198,AUTH:document_signing:unauthorized_error,auth,document_signing,unauthorized_error,"bl-pcb-document-signing-v1, bl-pcb-v1","pcb-fat-01-app, pcb-sit-01-app, pcb-uat-01-app","bl-pcb-document-signing-v1, bl-pcb-v1",,2,0,2026-01-26 09:37,2026-02-02 10:17,14,7,CROSS_NS,OPEN,,
KP-000043,AUTH:card_opening:unclassified,auth,card_opening,unclassified,"bff-pcb-ch-card-opening-v2, bl-pcb-card-client-segment-v1, bl-pcb-design-lifecycle-v1, bl-pcb-v1","pcb-ch-dev-01-app, pcb-ch-sit-01-app, pcb-dev-01-app, pcb-sit-01-app",bff-pcb-ch-card-opening-v2,,6,7,2026-01-23 16:35,2026-02-02 06:00,16,7,SYSTEMIC,OPEN,,
KP-000295,BUSINESS:client_segment:server_error,business,client_segment,server_error,bl-pcb-card-client-segment-v1,pcb-sit-01-app,bl-pcb-card-client-segment-v1,,1,0,2026-02-01 20:16,2026-02-01 20:16,7,7,LOCAL,OPEN,,
KP-000294,BUSINESS:client_segment:forbidden_error,business,client_segment,forbidden_error,bl-pcb-card-client-segment-v1,pcb-sit-01-app,bl-pcb-card-client-segment-v1,,1,0,2026-02-01 20:16,2026-02-01 20:16,7,7,LOCAL,OPEN,,
KP-000293,BUSINESS:unknown:not_found_error,business,unknown,not_found_error,bl-pcb-v1,pcb-dev-01-app,bl-pcb-v1,,1,0,2026-02-01 19:10,2026-02-01 19:10,7,7,LOCAL,OPEN,,
KP-000292,UNKNOWN:georisk:server_error,unknown,georisk,server_error,bl-pcb-card-georisk-v1,pcb-dev-01-app,bl-pcb-card-georisk-v1,,1,0,2026-02-01 18:21,2026-02-01 18:21,7,7,LOCAL,OPEN,,
KP-000164,BUSINESS:unknown:gateway_error,business,unknown,gateway_error,bl-pcb-v1,"pcb-dev-01-app, pcb-sit-01-app, pcb-uat-01-app",bl-pcb-v1,,126,0,2026-01-15 08:10,2026-01-31 23:44,25,8,CROSS_NS,OPEN,,
KP-000252,DATABASE:pilot_context:database_error,database,pilot_context,database_error,bl-pcb-pilot-context-v1,pcb-sit-01-app,bl-pcb-pilot-context-v1,,2,0,2026-01-23 23:36,2026-01-31 23:35,16,8,LOCAL,OPEN,,
KP-000251,EXTERNAL:pilot_context:internal_error,external,pilot_context,internal_error,bl-pcb-pilot-context-v1,pcb-sit-01-app,bl-pcb-pilot-context-v1,,1,0,2026-01-23 23:36,2026-01-31 23:35,16,8,LOCAL,OPEN,,
KP-000196,BUSINESS:unknown:forbidden,business,unknown,forbidden,bl-pcb-v1,"pcb-sit-01-app, pcb-uat-01-app",bl-pcb-v1,,3,0,2026-01-21 05:00,2026-01-31 23:26,19,8,CROSS_NS,OPEN,,
KP-000165,UNKNOWN:notification:not_found_error,unknown,notification,not_found_error,bl-pcb-notification-v1,"pcb-dev-01-app, pcb-fat-01-app, pcb-uat-01-app",bl-pcb-notification-v1,,2,0,2026-01-15 08:16,2026-01-31 22:15,25,8,CROSS_NS,OPEN,,
KP-000130,UNKNOWN:client_segment:not_found_error,unknown,client_segment,not_found_error,bl-pcb-card-client-segment-v1,"pcb-dev-01-app, pcb-sit-01-app",bl-pcb-card-client-segment-v1,,7,0,2026-01-14 18:19,2026-01-31 18:19,25,8,CROSS_NS,OPEN,,
KP-000277,DATABASE:notification:server_error,database,notification,server_error,bl-pcb-notification-v1,pcb-dev-01-app,bl-pcb-notification-v1,,1,0,2026-01-21 08:09,2026-01-30 18:57,19,9,LOCAL,OPEN,,
KP-000299,UNKNOWN:card_servicing:null_pointer,unknown,card_servicing,null_pointer,"bff-pcb-ch-card-servicing-v1, bl-pcb-v1","pcb-ch-sit-01-app, pcb-sit-01-app","bff-pcb-ch-card-servicing-v1, bl-pcb-v1",,3,0,2026-01-30 09:58,2026-01-30 15:16,10,9,CROSS_NS,OPEN,,
KP-000031,UNKNOWN:event_processing:unclassified,unknown,event_processing,unclassified,"bl-pcb-card-georisk-v1, bl-pcb-design-lifecycle-v1, bl-pcb-event-processor-relay-v1, bl-pcb-notification-v1, bl-pcb-token-v1, bl-pcb-v1, feapi-pca-v1","pca-sit-01-app, pcb-dev-01-app, pcb-fat-01-app, pcb-sit-01-app, pcb-uat-01-app",bl-pcb-event-processor-relay-v1,,500,25528,2026-01-15 00:37,2026-01-30 11:17,25,10,SYSTEMIC,OPEN,,
KP-000170,UNKNOWN:unknown:null_pointer,unknown,unknown,null_pointer,bl-pcb-v1,"pcb-dev-01-app, pcb-sit-01-app",bl-pcb-v1,,10,0,2026-01-15 14:33,2026-01-30 09:58,24,10,CROSS_NS,OPEN,,
KP-000242,AUTH:unknown:constraint_violation,auth,unknown,constraint_violation,bl-pcb-v1,"pcb-dev-01-app, pcb-sit-01-app",bl-pcb-v1,,6,0,2026-01-22 14:34,2026-01-30 06:58,17,10,CROSS_NS,OPEN,,
KP-000287,UNKNOWN:card_opening:rest_client_exception,unknown,card_opening,rest_client_exception,bff-pcb-ch-card-opening-v2,"pcb-ch-dev-01-app, pcb-ch-sit-01-app",bff-pcb-ch-card-opening-v2,,2,0,2026-01-26 15:14,2026-01-29 12:21,13,11,CROSS_NS,OPEN,,
KP-000290,UNKNOWN:card_servicing:rest_client_exception,unknown,card_servicing,rest_client_exception,"bff-pcb-ch-card-servicing-admin-v1, bff-pcb-ch-card-servicing-init-v1","pcb-ch-dev-01-app, pcb-ch-sit-01-app","bff-pcb-ch-card-servicing-admin-v1, bff-pcb-ch-card-servicing-init-v1",,2,0,2026-01-26 19:10,2026-01-29 12:14,13,11,CROSS_NS,OPEN,,
KP-000157,UNKNOWN:unknown:illegal_state_exception,unknown,unknown,illegal_state_exception,bl-pcb-v1,"pcb-dev-01-app, pcb-sit-01-app",bl-pcb-v1,,4,0,2026-01-15 09:20,2026-01-29 09:59,25,11,CROSS_NS,OPEN,,
KP-000218,UNKNOWN:unknown:message_processing_exception,unknown,unknown,message_processing_exception,bl-pcb-v1,"pcb-dev-01-app, pcb-sit-01-app",bl-pcb-v1,,5,0,2026-01-16 07:42,2026-01-29 06:59,24,11,CROSS_NS,OPEN,,
KP-000296,UNKNOWN:card_read:server_error,unknown,card_read,server_error,bl-pcb-card-read-model-v1,pcb-sit-01-app,bl-pcb-card-read-model-v1,,1,0,2026-01-29 03:46,2026-01-29 03:46,11,11,LOCAL,OPEN,,
KP-000190,UNKNOWN:token:not_found_error,unknown,token,not_found_error,bl-pcb-token-v1,"pcb-dev-01-app, pcb-fat-01-app, pcb-sit-01-app, pcb-uat-01-app",bl-pcb-token-v1,,3,128,2026-01-15 21:01,2026-01-26 23:55,24,13,SYSTEMIC,OPEN,,
KP-000125,UNKNOWN:atm_locator:query_param_exception,unknown,atm_locator,query_param_exception,bl-pcb-atm-locator-v1,"pcb-dev-01-app, pcb-sit-01-app",bl-pcb-atm-locator-v1,,1,0,2026-01-26 10:47,2026-01-26 21:33,14,13,CROSS_NS,OPEN,,
KP-000275,UNKNOWN:token:server_error,unknown,token,server_error,bl-pcb-token-v1,"pcb-fat-01-app, pcb-sit-01-app",bl-pcb-token-v1,,3,0,2026-01-23 21:01,2026-01-26 21:29,16,13,CROSS_NS,OPEN,,
KP-000048,DATABASE:click2pay:unclassified,database,click2pay,unclassified,bl-pcb-click2pay-v1,"pcb-dev-01-app, pcb-sit-01-app",bl-pcb-click2pay-v1,,19,1,2026-01-18 18:28,2026-01-26 20:25,21,13,CROSS_NS,OPEN,,
KP-000214,DATABASE:click2pay:server_error,database,click2pay,server_error,bl-pcb-click2pay-v1,pcb-dev-01-app,bl-pcb-click2pay-v1,,3,0,2026-01-17 18:28,2026-01-26 18:28,22,13,LOCAL,OPEN,,
KP-000289,EXTERNAL:token:gateway_error,external,token,gateway_error,bl-pcb-token-v1,pcb-dev-01-app,bl-pcb-token-v1,,1,0,2026-01-26 18:27,2026-01-26 18:27,13,13,LOCAL,OPEN,,
KP-000288,UNKNOWN:token:rest_client_exception,unknown,token,rest_client_exception,bl-pcb-token-v1,pcb-dev-01-app,bl-pcb-token-v1,,1,0,2026-01-26 18:27,2026-01-26 18:27,13,13,LOCAL,OPEN,,
KP-000116,UNKNOWN:client_segment:illegal_state_exception,unknown,client_segment,illegal_state_exception,"bl-pcb-card-client-segment-v1, bl-pcb-v1","pcb-dev-01-app, pcb-sit-01-app","bl-pcb-card-client-segment-v1, bl-pcb-v1",,1,0,2026-01-26 17:35,2026-01-26 17:35,13,13,CROSS_NS,OPEN,,
KP-000152,UNKNOWN:card_opening:illegal_state_exception,unknown,card_opening,illegal_state_exception,"bff-pcb-ch-card-opening-v2, bl-pcb-v1","pcb-ch-dev-01-app, pcb-dev-01-app, pcb-sit-01-app","bff-pcb-ch-card-opening-v2, bl-pcb-v1",,1,0,2026-01-26 17:35,2026-01-26 17:35,13,13,CROSS_NS,OPEN,,
KP-000286,EXTERNAL:card_read:internal_error,external,card_read,internal_error,bl-pcb-card-read-model-v1,pcb-sit-01-app,bl-pcb-card-read-model-v1,,1,0,2026-01-26 14:45,2026-01-26 14:45,13,13,LOCAL,OPEN,,
KP-000247,UNKNOWN:dispute:unclassified,unknown,dispute,unclassified,bl-pcb-dispute-v1,"pcb-dev-01-app, pcb-sit-01-app, pcb-uat-01-app",bl-pcb-dispute-v1,,54,0,2026-01-19 13:20,2026-01-26 12:53,20,14,CROSS_NS,OPEN,,
KP-000246,EXTERNAL:dispute:internal_error,external,dispute,internal_error,bl-pcb-dispute-v1,"pcb-dev-01-app, pcb-sit-01-app",bl-pcb-dispute-v1,,1,0,2026-01-26 12:17,2026-01-26 12:53,14,14,CROSS_NS,OPEN,,
KP-000244,UNKNOWN:card_validation:constraint_violation,unknown,card_validation,constraint_violation,bff-pcb-ch-card-validation-v1,"pcb-ch-dev-01-app, pcb-ch-sit-01-app",bff-pcb-ch-card-validation-v1,,2,0,2026-01-26 12:16,2026-01-26 12:53,14,14,CROSS_NS,OPEN,,
KP-000243,UNKNOWN:card_servicing:json_mapping_exception,unknown,card_servicing,json_mapping_exception,bff-pcb-ch-card-servicing-admin-v1,"pcb-ch-dev-01-app, pcb-ch-sit-01-app",bff-pcb-ch-card-servicing-admin-v1,,4,0,2026-01-26 12:16,2026-01-26 12:52,14,14,CROSS_NS,OPEN,,
KP-000271,UNKNOWN:unknown:json_mapping_exception,unknown,unknown,json_mapping_exception,bl-pcb-v1,pcb-sit-01-app,bl-pcb-v1,,4,0,2026-01-22 10:47,2026-01-26 12:52,18,14,LOCAL,OPEN,,
KP-000241,UNKNOWN:card_opening:iban_format_exception,unknown,card_opening,iban_format_exception,bff-pcb-ch-card-opening-v2,"pcb-ch-dev-01-app, pcb-ch-sit-01-app",bff-pcb-ch-card-opening-v2,,3,0,2026-01-26 12:11,2026-01-26 12:44,14,14,CROSS_NS,OPEN,,
KP-000285,AUTH:card_read:forbidden_error,auth,card_read,forbidden_error,bl-pcb-card-read-model-v1,pcb-sit-01-app,bl-pcb-card-read-model-v1,,8,0,2026-01-26 11:12,2026-01-26 12:35,14,14,LOCAL,OPEN,,
KP-000284,UNKNOWN:card_read:not_found_error,unknown,card_read,not_found_error,bl-pcb-card-read-model-v1,pcb-sit-01-app,bl-pcb-card-read-model-v1,,1,0,2026-01-26 11:12,2026-01-26 11:12,14,14,LOCAL,OPEN,,
KP-000002,BUSINESS:card_servicing:unclassified,business,card_servicing,unclassified,"bff-pcb-ch-card-opening-v2, bff-pcb-ch-card-sensitive-data-v1, bff-pcb-ch-card-servicing-admin-v1, bff-pcb-ch-card-servicing-init-v1, bff-pcb-ch-card-servicing-notice-v1, bff-pcb-ch-card-servicing-v1, bff-pcb-ch-card-servicing-v2, bff-pcb-ch-card-servicing-v3, bff-pcb-ch-card-validation-v1, bff-pcb-ch-click2pay-v1","pca-dev-01-app, pca-sit-01-app, pcb-ch-dev-01-app, pcb-ch-sit-01-app, pcb-dev-01-app, pcb-fat-01-app, pcb-sit-01-app, pcb-uat-01-app",,,121,1279,2026-01-23 15:55,2026-01-26 10:58,16,14,SYSTEMIC,OPEN,,
KP-000006,BUSINESS:card_opening:unclassified,business,card_opening,unclassified,"bff-pcb-ch-card-opening-v2, bff-pcb-ch-card-sensitive-data-v1, bff-pcb-ch-click2pay-v1, bl-pcb-atm-locator-v1, bl-pcb-batch-processor-v1, bl-pcb-billing-v1, bl-pcb-card-client-segment-v1, bl-pcb-card-georisk-v1, bl-pcb-click2pay-v1, bl-pcb-codelist-v1","pcb-ch-dev-01-app, pcb-ch-sit-01-app, pcb-dev-01-app, pcb-fat-01-app, pcb-sit-01-app, pcb-uat-01-app",,,500,5701,2026-01-23 15:55,2026-01-26 10:58,16,14,SYSTEMIC,OPEN,,
KP-000007,BUSINESS:event_processing:unclassified,business,event_processing,unclassified,"bff-pcb-ch-card-sensitive-data-v1, bl-pcb-card-client-segment-v1, bl-pcb-codelist-v1, bl-pcb-event-processor-relay-v1, bl-pcb-notification-v1, bl-pcb-pilot-context-v1, bl-pcb-token-v1, bl-pcb-v1, feapi-pca-v1","pca-dev-01-app, pca-sit-01-app, pcb-ch-dev-01-app, pcb-dev-01-app, pcb-fat-01-app, pcb-sit-01-app, pcb-uat-01-app",,,500,25892,2026-01-23 15:55,2026-01-26 10:58,16,14,SYSTEMIC,OPEN,,
KP-000008,BUSINESS:batch_processing:unclassified,business,batch_processing,unclassified,"bl-pcb-batch-processor-v1, bl-pcb-card-georisk-v1, bl-pcb-client-rainbow-status-v1, bl-pcb-design-lifecycle-v1, bl-pcb-dispute-v1, bl-pcb-event-processor-relay-v1, bl-pcb-notification-v1, bl-pcb-v1, feapi-pca-v1","pca-sit-01-app, pcb-dev-01-app, pcb-fat-01-app, pcb-sit-01-app, pcb-uat-01-app",,,500,32351,2026-01-23 15:55,2026-01-26 10:32,16,14,SYSTEMIC,OPEN,,
KP-000009,BUSINESS:billing:unclassified,business,billing,unclassified,"bl-pcb-atm-locator-v1, bl-pcb-batch-processor-v1, bl-pcb-billing-v1, bl-pcb-document-signing-v1, bl-pcb-event-processor-relay-v1, bl-pcb-v1, feapi-pca-v1","pca-sit-01-app, pcb-ch-sit-01-app, pcb-dev-01-app, pcb-fat-01-app, pcb-sit-01-app, pcb-uat-01-app",,,70,129,2026-01-23 15:55,2026-01-26 10:32,16,14,SYSTEMIC,OPEN,,
KP-000014,AUTH:click2pay:unclassified,auth,click2pay,unclassified,"bff-pcb-ch-click2pay-v1, bl-pcb-client-rainbow-status-v1, bl-pcb-v1","pcb-dev-01-app, pcb-sit-01-app",,,1,5,2026-01-23 15:55,2026-01-26 10:32,16,14,CROSS_NS,OPEN,,
KP-000020,EXTERNAL:billing:unclassified,external,billing,unclassified,"bl-pcb-billing-v1, bl-pcb-design-lifecycle-v1, bl-pcb-v1, feapi-pca-v1","pca-dev-01-app, pca-sit-01-app, pcb-dev-01-app, pcb-fat-01-app, pcb-sit-01-app, pcb-uat-01-app",,,11,35,2026-01-23 15:55,2026-01-26 10:32,16,14,LOCAL,OPEN,,
KP-000021,BUSINESS:codelist:unclassified,business,codelist,unclassified,"bl-pcb-codelist-v1, bl-pcb-v1","pcb-dev-01-app, pcb-sit-01-app",,,5,7,2026-01-23 15:55,2026-01-26 10:32,16,14,LOCAL,OPEN,,
KP-000025,EXTERNAL:card_servicing:unclassified,external,card_servicing,unclassified,"bff-pcb-ch-card-opening-v2, bff-pcb-ch-card-sensitive-data-v1, bff-pcb-ch-card-servicing-admin-v1, bff-pcb-ch-card-servicing-init-v1, bff-pcb-ch-card-servicing-v1, bff-pcb-ch-card-servicing-v2, bff-pcb-ch-card-servicing-v3, bff-pcb-ch-card-validation-v1, bff-pcb-ch-click2pay-v1, bl-pcb-atm-locator-v1","pca-dev-01-app, pca-sit-01-app, pcb-ch-dev-01-app, pcb-ch-sit-01-app, pcb-dev-01-app, pcb-fat-01-app, pcb-sit-01-app, pcb-uat-01-app",,,51,360,2026-01-23 15:55,2026-01-26 10:32,16,14,LOCAL,OPEN,,
KP-000026,EXTERNAL:card_opening:unclassified,external,card_opening,unclassified,"bff-pcb-ch-card-opening-v2, bff-pcb-ch-card-sensitive-data-v1, bl-pcb-notification-v1, bl-pcb-v1","pcb-ch-sit-01-app, pcb-dev-01-app, pcb-sit-01-app, pcb-uat-01-app",,,14,24,2026-01-23 15:55,2026-01-26 10:32,16,14,LOCAL,OPEN,,
KP-000027,DATABASE:pilot_context:unclassified,database,pilot_context,unclassified,"bl-pcb-pilot-context-v1, bl-pcb-v1, feapi-pca-v1",pcb-sit-01-app,,,3,19,2026-01-23 15:55,2026-01-26 10:32,16,14,LOCAL,OPEN,,
KP-000028,DATABASE:card_servicing:unclassified,database,card_servicing,unclassified,"bff-pcb-ch-card-servicing-admin-v1, bff-pcb-ch-card-servicing-init-v1, bl-pcb-billing-v1, bl-pcb-pilot-context-v1, bl-pcb-token-v1, bl-pcb-v1, feapi-pca-v1",pcb-sit-01-app,,,1,9,2026-01-23 15:55,2026-01-26 10:32,16,14,LOCAL,OPEN,,
KP-000029,AUTH:client_segment:unclassified,auth,client_segment,unclassified,"bl-pcb-card-client-segment-v1, bl-pcb-card-georisk-v1",pcb-sit-01-app,,,6,10,2026-01-23 16:35,2026-01-26 10:32,16,14,LOCAL,OPEN,,
KP-000032,EXTERNAL:notification:unclassified,external,notification,unclassified,"bl-pcb-notification-v1, bl-pcb-v1",pcb-dev-01-app,,,11,20,2026-01-23 16:35,2026-01-26 10:32,16,14,LOCAL,OPEN,,
KP-000033,BUSINESS:notification:unclassified,business,notification,unclassified,"bl-pcb-notification-v1, bl-pcb-v1, feapi-pca-v1","pca-dev-01-app, pcb-dev-01-app, pcb-sit-01-app",,,10,12,2026-01-23 16:35,2026-01-26 10:32,16,14,LOCAL,OPEN,,
KP-000035,EXTERNAL:unknown:unclassified,external,unknown,unclassified,"bl-pcb-v1, feapi-pca-v1","pca-dev-01-app, pca-sit-01-app, pcb-dev-01-app, pcb-sit-01-app, pcb-uat-01-app",,,28,33,2026-01-23 16:35,2026-01-26 10:32,16,14,LOCAL,OPEN,,
KP-000036,EXTERNAL:event_processing:unclassified,external,event_processing,unclassified,"bl-pcb-event-processor-relay-v1, feapi-pca-v1","pca-dev-01-app, pcb-sit-01-app, pcb-uat-01-app",,,6,6,2026-01-26 10:32,2026-01-26 10:32,14,14,CROSS_NS,OPEN,,
KP-000037,DATABASE:unknown:unclassified,database,unknown,unclassified,"bl-pcb-v1, feapi-pca-v1","pca-dev-01-app, pca-sit-01-app, pcb-dev-01-app, pcb-sit-01-app, pcb-uat-01-app","bl-pcb-v1, feapi-pca-v1",,13,10,2026-01-23 12:09,2026-01-26 10:32,17,14,SYSTEMIC,OPEN,,
KP-000038,EXTERNAL:token:unclassified,external,token,unclassified,bl-pcb-token-v1,"pcb-dev-01-app, pcb-fat-01-app, pcb-uat-01-app",,,9,9,2026-01-26 10:32,2026-01-26 10:32,14,14,CROSS_NS,OPEN,,
KP-000039,TIMEOUT:document_signing:unclassified,timeout,document_signing,unclassified,"bl-pcb-card-georisk-v1, bl-pcb-client-rainbow-status-v1, bl-pcb-codelist-v1, bl-pcb-design-lifecycle-v1, bl-pcb-document-signing-v1","pcb-dev-01-app, pcb-fat-01-app, pcb-sit-01-app","bl-pcb-card-georisk-v1, bl-pcb-client-rainbow-status-v1, bl-pcb-design-lifecycle-v1, bl-pcb-document-signing-v1",,6,4,2026-01-24 14:14,2026-01-26 10:32,15,14,CROSS_NS,OPEN,,
KP-000040,AUTH:client_status:unclassified,auth,client_status,unclassified,"bl-pcb-card-client-segment-v1, bl-pcb-client-rainbow-status-v1, bl-pcb-v1","pcb-fat-01-app, pcb-sit-01-app, pcb-uat-01-app",,,1,2,2026-01-26 10:32,2026-01-26 10:32,14,14,CROSS_NS,OPEN,,
KP-000270,BUSINESS:pilot_context:business_exception,business,pilot_context,business_exception,bl-pcb-pilot-context-v1,pcb-sit-01-app,bl-pcb-pilot-context-v1,,2,0,2026-01-22 15:25,2026-01-26 10:17,17,14,LOCAL,OPEN,,
KP-000273,EXTERNAL:event_processing:gateway_error,external,event_processing,gateway_error,bl-pcb-event-processor-relay-v1,"pcb-fat-01-app, pcb-sit-01-app, pcb-uat-01-app",bl-pcb-event-processor-relay-v1,,17,0,2026-01-23 11:06,2026-01-26 09:50,17,14,CROSS_NS,OPEN,,
KP-000283,UNKNOWN:event_processing:connection_error,unknown,event_processing,connection_error,bl-pcb-event-processor-relay-v1,pcb-sit-01-app,bl-pcb-event-processor-relay-v1,,1,0,2026-01-26 09:40,2026-01-26 09:40,14,14,LOCAL,OPEN,,
KP-000282,UNKNOWN:unknown:interrupted_exception,unknown,unknown,interrupted_exception,bl-pcb-v1,pcb-sit-01-app,bl-pcb-v1,,1,0,2026-01-26 09:27,2026-01-26 09:27,14,14,LOCAL,OPEN,,
KP-000281,UNKNOWN:unknown:undeclared_throwable_exception,unknown,unknown,undeclared_throwable_exception,bl-pcb-v1,pcb-sit-01-app,bl-pcb-v1,,2,0,2026-01-26 09:27,2026-01-26 09:27,14,14,LOCAL,OPEN,,
KP-000250,AUTH:client_status:forbidden_error,auth,client_status,forbidden_error,bl-pcb-client-rainbow-status-v1,pcb-fat-01-app,bl-pcb-client-rainbow-status-v1,,1,0,2026-01-26 00:00,2026-01-26 05:00,14,14,LOCAL,OPEN,,
KP-000264,EXTERNAL:unknown:business_exception,external,unknown,business_exception,"bl-pcb-v1, feapi-pca-v1","pca-dev-01-app, pcb-dev-01-app","bl-pcb-v1, feapi-pca-v1",,2,0,2026-01-24 21:08,2026-01-24 21:08,15,15,CROSS_NS,OPEN,,
KP-000263,DATABASE:document_signing:server_error,database,document_signing,server_error,bl-pcb-document-signing-v1,pcb-dev-01-app,bl-pcb-document-signing-v1,,1,0,2026-01-24 19:30,2026-01-24 19:30,15,15,LOCAL,OPEN,,
KP-000262,AUTH:codelist:unauthorized_error,auth,codelist,unauthorized_error,bl-pcb-codelist-v1,pcb-dev-01-app,bl-pcb-codelist-v1,,1,0,2026-01-24 18:33,2026-01-24 18:33,15,15,LOCAL,OPEN,,
KP-000260,DATABASE:document_signing:unclassified,database,document_signing,unclassified,bl-pcb-document-signing-v1,pcb-sit-01-app,bl-pcb-document-signing-v1,,1,0,2026-01-24 15:04,2026-01-24 15:04,15,15,LOCAL,OPEN,,
KP-000258,TIMEOUT:codelist:timeout,timeout,codelist,timeout,bl-pcb-codelist-v1,pcb-sit-01-app,bl-pcb-codelist-v1,,2,0,2026-01-24 14:18,2026-01-24 14:23,15,15,LOCAL,OPEN,,
KP-000256,UNKNOWN:document_signing:connection_error,unknown,document_signing,connection_error,"bl-pcb-card-georisk-v1, bl-pcb-client-rainbow-status-v1, bl-pcb-design-lifecycle-v1, bl-pcb-document-signing-v1","pcb-dev-01-app, pcb-fat-01-app","bl-pcb-card-georisk-v1, bl-pcb-client-rainbow-status-v1, bl-pcb-design-lifecycle-v1, bl-pcb-document-signing-v1",,1,0,2026-01-24 14:14,2026-01-24 14:14,15,15,CROSS_NS,OPEN,,
KP-000257,TIMEOUT:design_lifecycle:unclassified,timeout,design_lifecycle,unclassified,bl-pcb-design-lifecycle-v1,pcb-dev-01-app,bl-pcb-design-lifecycle-v1,,2,0,2026-01-24 14:14,2026-01-24 14:14,15,15,LOCAL,OPEN,,
KP-000254,AUTH:token:unauthorized_error,auth,token,unauthorized_error,bl-pcb-token-v1,"pcb-dev-01-app, pcb-uat-01-app",bl-pcb-token-v1,,2,0,2026-01-20 19:04,2026-01-24 13:12,19,16,CROSS_NS,OPEN,,
KP-000249,DATABASE:unknown:database_error,database,unknown,database_error,"bl-pcb-v1, feapi-pca-v1","pca-sit-01-app, pcb-sit-01-app","bl-pcb-v1, feapi-pca-v1",,4,0,2026-01-19 23:37,2026-01-23 23:36,20,16,CROSS_NS,OPEN,,
KP-000276,DATABASE:unknown:data_integrity_violation_exception,database,unknown,data_integrity_violation_exception,bl-pcb-v1,pcb-dev-01-app,bl-pcb-v1,,1,0,2026-01-23 23:07,2026-01-23 23:07,16,16,LOCAL,OPEN,,
KP-000177,DATABASE:token:not_found_error,database,token,not_found_error,bl-pcb-token-v1,"pcb-dev-01-app, pcb-sit-01-app",bl-pcb-token-v1,,2,0,2026-01-15 19:03,2026-01-23 21:01,24,16,CROSS_NS,OPEN,,
KP-000044,EXTERNAL:document_signing:unclassified,external,document_signing,unclassified,"bl-pcb-document-signing-v1, feapi-pca-v1","pcb-ch-sit-01-app, pcb-sit-01-app",,,8,16,2026-01-23 16:35,2026-01-23 16:35,16,16,CROSS_NS,OPEN,,
KP-000047,AUTH:notification:unclassified,auth,notification,unclassified,bl-pcb-notification-v1,"pcb-dev-01-app, pcb-sit-01-app",,,72,72,2026-01-23 16:35,2026-01-23 16:35,16,16,LOCAL,OPEN,,
KP-000049,AUTH:billing:unclassified,auth,billing,unclassified,"bl-pcb-billing-v1, bl-pcb-notification-v1","pcb-dev-01-app, pcb-uat-01-app",,,38,42,2026-01-23 16:35,2026-01-23 16:35,16,16,CROSS_NS,OPEN,,
KP-000050,TIMEOUT:card_opening:unclassified,timeout,card_opening,unclassified,bff-pcb-ch-card-opening-v2,pcb-ch-dev-01-app,,,1,1,2026-01-23 16:35,2026-01-23 16:35,16,16,LOCAL,OPEN,,
KP-000051,TIMEOUT:card_servicing:unclassified,timeout,card_servicing,unclassified,"bff-pcb-ch-card-servicing-admin-v1, bl-pcb-v1","pcb-ch-sit-01-app, pcb-uat-01-app",,,1,1,2026-01-23 16:35,2026-01-23 16:35,16,16,CROSS_NS,OPEN,,
KP-000111,DATABASE:unknown:connection_error,database,unknown,connection_error,feapi-pca-v1,"pca-fat-01-app, pca-sit-01-app, pca-uat-01-app",feapi-pca-v1,,1,0,2026-01-23 11:04,2026-01-23 12:18,17,17,CROSS_NS,OPEN,,
KP-000159,BUSINESS:unknown:illegal_state_exception,business,unknown,illegal_state_exception,"bl-pcb-v1, feapi-pca-v1","pca-dev-01-app, pcb-dev-01-app","bl-pcb-v1, feapi-pca-v1",,274,0,2026-01-15 04:16,2026-01-23 12:14,25,17,CROSS_NS,OPEN,,
KP-000158,BUSINESS:unknown:constraint_violation,business,unknown,constraint_violation,bl-pcb-v1,pcb-dev-01-app,bl-pcb-v1,,1,0,2026-01-23 12:12,2026-01-23 12:14,17,17,LOCAL,OPEN,,
KP-000156,EXTERNAL:notification:gateway_error,external,notification,gateway_error,"bl-pcb-notification-v1, bl-pcb-v1","pcb-dev-01-app, pcb-sit-01-app","bl-pcb-notification-v1, bl-pcb-v1",,6,0,2026-01-23 11:11,2026-01-23 12:14,17,17,CROSS_NS,OPEN,,
KP-000274,DATABASE:unknown:business_exception,database,unknown,business_exception,feapi-pca-v1,pca-dev-01-app,feapi-pca-v1,,1,0,2026-01-23 12:09,2026-01-23 12:12,17,17,LOCAL,OPEN,,
KP-000265,EXTERNAL:document_signing:gateway_error,external,document_signing,gateway_error,bl-pcb-document-signing-v1,pcb-sit-01-app,bl-pcb-document-signing-v1,,4,0,2026-01-20 09:41,2026-01-23 11:16,20,17,LOCAL,OPEN,,
KP-000269,EXTERNAL:card_servicing:gateway_error,external,card_servicing,gateway_error,bff-pcb-ch-card-servicing-admin-v1,pcb-ch-sit-01-app,bff-pcb-ch-card-servicing-admin-v1,,3,0,2026-01-22 09:16,2026-01-23 11:06,18,17,LOCAL,OPEN,,
KP-000147,UNKNOWN:design_lifecycle:not_found_error,unknown,design_lifecycle,not_found_error,bl-pcb-design-lifecycle-v1,pcb-dev-01-app,bl-pcb-design-lifecycle-v1,,1,0,2026-01-23 01:46,2026-01-23 01:46,17,17,LOCAL,OPEN,,
KP-000272,UNKNOWN:pilot_context:not_found_error,unknown,pilot_context,not_found_error,bl-pcb-pilot-context-v1,pcb-sit-01-app,bl-pcb-pilot-context-v1,,1,0,2026-01-22 11:42,2026-01-22 11:42,18,18,LOCAL,OPEN,,
KP-000240,BUSINESS:unknown:server_error,business,unknown,server_error,bl-pcb-v1,pcb-sit-01-app,bl-pcb-v1,,1,0,2026-01-22 10:44,2026-01-22 10:44,18,18,LOCAL,OPEN,,
KP-000268,DATABASE:unknown:socket_exception,database,unknown,socket_exception,bl-pcb-v1,pcb-sit-01-app,bl-pcb-v1,,1,0,2026-01-22 08:01,2026-01-22 08:01,18,18,LOCAL,OPEN,,
KP-000210,UNKNOWN:card_sensitive:server_error,unknown,card_sensitive,server_error,bff-pcb-ch-card-sensitive-data-v1,pcb-ch-sit-01-app,bff-pcb-ch-card-sensitive-data-v1,,1,0,2026-01-22 06:01,2026-01-22 06:01,18,18,LOCAL,OPEN,,
KP-000221,EXTERNAL:document_signing:internal_error,external,document_signing,internal_error,bl-pcb-document-signing-v1,pcb-sit-01-app,bl-pcb-document-signing-v1,,3,0,2026-01-21 15:11,2026-01-21 15:11,18,18,LOCAL,OPEN,,
KP-000278,UNKNOWN:token:not_allowed_exception,unknown,token,not_allowed_exception,bl-pcb-token-v1,pcb-sit-01-app,bl-pcb-token-v1,,3,0,2026-01-21 10:11,2026-01-21 14:54,19,18,LOCAL,OPEN,,
KP-000279,UNKNOWN:document_signing:io_error,unknown,document_signing,io_error,bl-pcb-document-signing-v1,pcb-sit-01-app,bl-pcb-document-signing-v1,,1,0,2026-01-21 13:10,2026-01-21 13:30,19,18,LOCAL,OPEN,,
KP-000211,AUTH:unknown:access_denied,auth,unknown,access_denied,bl-pcb-v1,pcb-sit-01-app,bl-pcb-v1,,1,0,2026-01-21 06:03,2026-01-21 08:40,19,19,LOCAL,OPEN,,
KP-000166,BUSINESS:unknown:internal_error,business,unknown,internal_error,bl-pcb-v1,"pcb-dev-01-app, pcb-sit-01-app, pcb-uat-01-app",bl-pcb-v1,,31,0,2026-01-15 09:20,2026-01-21 05:00,25,19,CROSS_NS,OPEN,,
KP-000267,BUSINESS:design_lifecycle:not_found,business,design_lifecycle,not_found,bl-pcb-design-lifecycle-v1,pcb-dev-01-app,bl-pcb-design-lifecycle-v1,,2,0,2026-01-20 15:30,2026-01-20 15:30,19,19,LOCAL,OPEN,,
KP-000216,BUSINESS:design_lifecycle:business_exception,business,design_lifecycle,business_exception,bl-pcb-design-lifecycle-v1,pcb-dev-01-app,bl-pcb-design-lifecycle-v1,,4,0,2026-01-16 06:55,2026-01-20 15:30,24,19,LOCAL,OPEN,,
KP-000173,AUTH:design_lifecycle:forbidden,auth,design_lifecycle,forbidden,bl-pcb-design-lifecycle-v1,pcb-dev-01-app,bl-pcb-design-lifecycle-v1,,2,0,2026-01-15 14:33,2026-01-20 11:18,24,20,LOCAL,OPEN,,
KP-000172,UNKNOWN:design_lifecycle:access_denied,unknown,design_lifecycle,access_denied,bl-pcb-design-lifecycle-v1,pcb-dev-01-app,bl-pcb-design-lifecycle-v1,,3,0,2026-01-15 14:33,2026-01-20 11:18,24,20,LOCAL,OPEN,,
KP-000245,DATABASE:card_validation:unclassified,database,card_validation,unclassified,bff-pcb-ch-card-validation-v1,pcb-ch-dev-01-app,bff-pcb-ch-card-validation-v1,,1,0,2026-01-19 13:20,2026-01-19 13:20,20,20,LOCAL,OPEN,,
KP-000133,TIMEOUT:client_segment:timeout,timeout,client_segment,timeout,bl-pcb-card-client-segment-v1,"pcb-dev-01-app, pcb-sit-01-app",bl-pcb-card-client-segment-v1,,6,0,2026-01-14 18:20,2026-01-19 08:08,25,21,CROSS_NS,OPEN,,
KP-000233,BUSINESS:codelist:message_body_provider_not_found_exception,business,codelist,message_body_provider_not_found_exception,bl-pcb-codelist-v1,pcb-dev-01-app,bl-pcb-codelist-v1,,1,0,2026-01-19 00:05,2026-01-19 00:05,21,21,LOCAL,OPEN,,
KP-000232,EXTERNAL:codelist:gateway_error,external,codelist,gateway_error,bl-pcb-codelist-v1,pcb-dev-01-app,bl-pcb-codelist-v1,,3,0,2026-01-19 00:05,2026-01-19 00:05,21,21,LOCAL,OPEN,,
KP-000200,TIMEOUT:notification:timeout,timeout,notification,timeout,bl-pcb-notification-v1,pcb-sit-01-app,bl-pcb-notification-v1,,1,0,2026-01-18 15:44,2026-01-18 15:45,21,21,LOCAL,OPEN,,
KP-000153,UNKNOWN:unknown:io_error,unknown,unknown,io_error,"bl-pcb-v1, feapi-pca-v1","pca-sit-01-app, pcb-dev-01-app, pcb-sit-01-app","bl-pcb-v1, feapi-pca-v1",,6,0,2026-01-15 04:09,2026-01-18 02:39,25,22,CROSS_NS,OPEN,,
KP-000212,UNKNOWN:unknown:web_service_exception,unknown,unknown,web_service_exception,"bl-pcb-v1, feapi-pca-v1","pca-dev-01-app, pcb-dev-01-app","bl-pcb-v1, feapi-pca-v1",,4,0,2026-01-17 08:09,2026-01-17 08:09,23,23,CROSS_NS,OPEN,,
KP-000222,AUTH:card_servicing:not_found,auth,card_servicing,not_found,bff-pcb-ch-card-servicing-admin-v1,pcb-ch-sit-01-app,bff-pcb-ch-card-servicing-admin-v1,,1,0,2026-01-16 16:16,2026-01-16 16:16,23,23,LOCAL,OPEN,,
KP-000167,UNKNOWN:notification:json_parse_exception,unknown,notification,json_parse_exception,bl-pcb-notification-v1,"pcb-dev-01-app, pcb-sit-01-app",bl-pcb-notification-v1,,2,0,2026-01-16 13:58,2026-01-16 14:02,23,23,CROSS_NS,OPEN,,
KP-000219,UNKNOWN:document_signing:bean_creation_exception,unknown,document_signing,bean_creation_exception,"bff-pcb-ch-design-servicing-v1, bl-pcb-document-signing-v1","pcb-ch-dev-01-app, pcb-sit-01-app","bff-pcb-ch-design-servicing-v1, bl-pcb-document-signing-v1",,1,0,2026-01-16 08:19,2026-01-16 13:36,24,23,CROSS_NS,OPEN,,
KP-000217,EXTERNAL:design_lifecycle:internal_error,external,design_lifecycle,internal_error,bl-pcb-design-lifecycle-v1,pcb-dev-01-app,bl-pcb-design-lifecycle-v1,,4,0,2026-01-16 07:00,2026-01-16 08:21,24,24,LOCAL,OPEN,,
KP-000113,EXTERNAL:georisk:internal_error,external,georisk,internal_error,"bl-pcb-card-georisk-v1, bl-pcb-v1","pcb-dev-01-app, pcb-sit-01-app","bl-pcb-card-georisk-v1, bl-pcb-v1",,4,0,2026-01-15 00:36,2026-01-15 18:42,25,24,CROSS_NS,OPEN,,
KP-000162,EXTERNAL:batch_processing:gateway_error,external,batch_processing,gateway_error,bl-pcb-batch-processor-v1,"pcb-sit-01-app, pcb-uat-01-app",bl-pcb-batch-processor-v1,,4,0,2026-01-15 05:00,2026-01-15 05:00,25,25,CROSS_NS,OPEN,,
KP-000155,EXTERNAL:unknown:io_error,external,unknown,io_error,bl-pcb-v1,pcb-dev-01-app,bl-pcb-v1,,1,0,2026-01-15 04:09,2026-01-15 04:09,25,25,LOCAL,OPEN,,
KP-000154,UNKNOWN:unknown:client_abort_exception,unknown,unknown,client_abort_exception,bl-pcb-v1,pcb-dev-01-app,bl-pcb-v1,,1,0,2026-01-15 04:09,2026-01-15 04:09,25,25,LOCAL,OPEN,,
